,mean_fit_time,std_fit_time,mean_score_time,std_score_time,param_mlpclassifier__alpha,param_mlpclassifier__hidden_layer_sizes,param_mlpclassifier__max_iter,param_mlpclassifier__solver,params,split0_test_score,split1_test_score,split2_test_score,split3_test_score,split4_test_score,mean_test_score,std_test_score,rank_test_score
112,1.1407243251800536,0.09187619439878035,0.0013569831848144532,8.640265622643352e-05,1e-05,"(1, 3)",100000,sgd,"{'mlpclassifier__alpha': 1e-05, 'mlpclassifier__hidden_layer_sizes': (1, 3), 'mlpclassifier__max_iter': 100000, 'mlpclassifier__solver': 'sgd'}",1.0,1.0,1.0,1.0,0.95,0.99,0.020000000000000018,1
208,0.9772903442382812,0.06036731856341911,0.0013222217559814454,3.1110619074621826e-05,0.0001,"(1, 3)",100000,sgd,"{'mlpclassifier__alpha': 0.0001, 'mlpclassifier__hidden_layer_sizes': (1, 3), 'mlpclassifier__max_iter': 100000, 'mlpclassifier__solver': 'sgd'}",1.0,1.0,1.0,1.0,0.95,0.99,0.020000000000000018,1
205,0.937986183166504,0.0320316545654622,0.0014566421508789063,0.00023853964592793287,0.0001,"(1, 3)",10000,sgd,"{'mlpclassifier__alpha': 0.0001, 'mlpclassifier__hidden_layer_sizes': (1, 3), 'mlpclassifier__max_iter': 10000, 'mlpclassifier__solver': 'sgd'}",1.0,1.0,1.0,1.0,0.95,0.99,0.020000000000000018,1
109,1.0471331596374511,0.027334701075345812,0.001317453384399414,3.981787282672356e-05,1e-05,"(1, 3)",10000,sgd,"{'mlpclassifier__alpha': 1e-05, 'mlpclassifier__hidden_layer_sizes': (1, 3), 'mlpclassifier__max_iter': 10000, 'mlpclassifier__solver': 'sgd'}",1.0,1.0,1.0,1.0,0.95,0.99,0.020000000000000018,1
13,0.9580893516540527,0.025944437672930913,0.0014204978942871094,0.00016429770094714618,1e-06,"(1, 3)",10000,sgd,"{'mlpclassifier__alpha': 1e-06, 'mlpclassifier__hidden_layer_sizes': (1, 3), 'mlpclassifier__max_iter': 10000, 'mlpclassifier__solver': 'sgd'}",1.0,1.0,1.0,1.0,0.95,0.99,0.020000000000000018,1
16,0.9685663223266602,0.026120249113809706,0.0014179706573486327,0.00011796093572645291,1e-06,"(1, 3)",100000,sgd,"{'mlpclassifier__alpha': 1e-06, 'mlpclassifier__hidden_layer_sizes': (1, 3), 'mlpclassifier__max_iter': 100000, 'mlpclassifier__solver': 'sgd'}",1.0,1.0,1.0,1.0,0.95,0.99,0.020000000000000018,1
202,1.1131452083587647,0.04028954776291579,0.0013176441192626954,3.444223543765644e-05,0.0001,"(1, 2)",100000,sgd,"{'mlpclassifier__alpha': 0.0001, 'mlpclassifier__hidden_layer_sizes': (1, 2), 'mlpclassifier__max_iter': 100000, 'mlpclassifier__solver': 'sgd'}",1.0,1.0,1.0,1.0,0.9,0.9800000000000001,0.039999999999999994,7
214,0.8798676013946534,0.04667714659406474,0.0013196468353271484,4.7077618504076436e-05,0.0001,"(1, 4)",100000,sgd,"{'mlpclassifier__alpha': 0.0001, 'mlpclassifier__hidden_layer_sizes': (1, 4), 'mlpclassifier__max_iter': 100000, 'mlpclassifier__solver': 'sgd'}",1.0,1.0,1.0,1.0,0.9,0.9800000000000001,0.039999999999999994,7
212,0.8488041877746582,0.06955751607330359,0.0015357494354248046,0.00025879159357637053,0.0001,"(1, 4)",10000,adam,"{'mlpclassifier__alpha': 0.0001, 'mlpclassifier__hidden_layer_sizes': (1, 4), 'mlpclassifier__max_iter': 10000, 'mlpclassifier__solver': 'adam'}",1.0,1.0,1.0,1.0,0.9,0.9800000000000001,0.039999999999999994,7
211,0.9932433605194092,0.008851415930082995,0.0013408660888671875,4.0803722114937835e-05,0.0001,"(1, 4)",10000,sgd,"{'mlpclassifier__alpha': 0.0001, 'mlpclassifier__hidden_layer_sizes': (1, 4), 'mlpclassifier__max_iter': 10000, 'mlpclassifier__solver': 'sgd'}",1.0,1.0,1.0,1.0,0.9,0.9800000000000001,0.039999999999999994,7
199,1.148502779006958,0.030669219921267348,0.0013375282287597656,3.239546166326052e-05,0.0001,"(1, 2)",10000,sgd,"{'mlpclassifier__alpha': 0.0001, 'mlpclassifier__hidden_layer_sizes': (1, 2), 'mlpclassifier__max_iter': 10000, 'mlpclassifier__solver': 'sgd'}",1.0,1.0,1.0,1.0,0.9,0.9800000000000001,0.039999999999999994,7
23,0.7380490779876709,0.021143020809925507,0.0013144969940185546,2.9579512259773377e-05,1e-06,"(1, 4)",100000,adam,"{'mlpclassifier__alpha': 1e-06, 'mlpclassifier__hidden_layer_sizes': (1, 4), 'mlpclassifier__max_iter': 100000, 'mlpclassifier__solver': 'adam'}",1.0,1.0,1.0,1.0,0.9,0.9800000000000001,0.039999999999999994,7
22,0.8674045085906983,0.03503091042378906,0.0014224052429199219,0.000190386513655316,1e-06,"(1, 4)",100000,sgd,"{'mlpclassifier__alpha': 1e-06, 'mlpclassifier__hidden_layer_sizes': (1, 4), 'mlpclassifier__max_iter': 100000, 'mlpclassifier__solver': 'sgd'}",1.0,1.0,1.0,1.0,0.9,0.9800000000000001,0.039999999999999994,7
215,0.7683328628540039,0.02228039007369085,0.001378917694091797,5.963831903993294e-05,0.0001,"(1, 4)",100000,adam,"{'mlpclassifier__alpha': 0.0001, 'mlpclassifier__hidden_layer_sizes': (1, 4), 'mlpclassifier__max_iter': 100000, 'mlpclassifier__solver': 'adam'}",1.0,1.0,1.0,1.0,0.9,0.9800000000000001,0.039999999999999994,7
19,0.8762404918670654,0.010898180852699956,0.0013696670532226563,7.46377958377086e-05,1e-06,"(1, 4)",10000,sgd,"{'mlpclassifier__alpha': 1e-06, 'mlpclassifier__hidden_layer_sizes': (1, 4), 'mlpclassifier__max_iter': 10000, 'mlpclassifier__solver': 'sgd'}",1.0,1.0,1.0,1.0,0.9,0.9800000000000001,0.039999999999999994,7
20,0.7444287300109863,0.023122790427842203,0.001336383819580078,2.4283795465475327e-05,1e-06,"(1, 4)",10000,adam,"{'mlpclassifier__alpha': 1e-06, 'mlpclassifier__hidden_layer_sizes': (1, 4), 'mlpclassifier__max_iter': 10000, 'mlpclassifier__solver': 'adam'}",1.0,1.0,1.0,1.0,0.9,0.9800000000000001,0.039999999999999994,7
106,1.1877846717834473,0.0442274075296106,0.0014607906341552734,0.00024534719867435706,1e-05,"(1, 2)",100000,sgd,"{'mlpclassifier__alpha': 1e-05, 'mlpclassifier__hidden_layer_sizes': (1, 2), 'mlpclassifier__max_iter': 100000, 'mlpclassifier__solver': 'sgd'}",1.0,1.0,1.0,1.0,0.9,0.9800000000000001,0.039999999999999994,7
103,1.1513224601745606,0.031067694387108703,0.0015091896057128906,0.00023531742249919928,1e-05,"(1, 2)",10000,sgd,"{'mlpclassifier__alpha': 1e-05, 'mlpclassifier__hidden_layer_sizes': (1, 2), 'mlpclassifier__max_iter': 10000, 'mlpclassifier__solver': 'sgd'}",1.0,1.0,1.0,1.0,0.9,0.9800000000000001,0.039999999999999994,7
115,0.9121353626251221,0.019287691152238537,0.0013295650482177735,3.216605066148796e-05,1e-05,"(1, 4)",10000,sgd,"{'mlpclassifier__alpha': 1e-05, 'mlpclassifier__hidden_layer_sizes': (1, 4), 'mlpclassifier__max_iter': 10000, 'mlpclassifier__solver': 'sgd'}",1.0,1.0,1.0,1.0,0.9,0.9800000000000001,0.039999999999999994,7
10,1.1163865566253661,0.021376142323662587,0.0013194084167480469,1.0725126684880281e-05,1e-06,"(1, 2)",100000,sgd,"{'mlpclassifier__alpha': 1e-06, 'mlpclassifier__hidden_layer_sizes': (1, 2), 'mlpclassifier__max_iter': 100000, 'mlpclassifier__solver': 'sgd'}",1.0,1.0,1.0,1.0,0.9,0.9800000000000001,0.039999999999999994,7
119,0.7744000434875489,0.04346763753130671,0.001339864730834961,2.8259753275750334e-05,1e-05,"(1, 4)",100000,adam,"{'mlpclassifier__alpha': 1e-05, 'mlpclassifier__hidden_layer_sizes': (1, 4), 'mlpclassifier__max_iter': 100000, 'mlpclassifier__solver': 'adam'}",1.0,1.0,1.0,1.0,0.9,0.9800000000000001,0.039999999999999994,7
116,0.7943837642669678,0.05301855366238424,0.001413249969482422,0.00012539281497227388,1e-05,"(1, 4)",10000,adam,"{'mlpclassifier__alpha': 1e-05, 'mlpclassifier__hidden_layer_sizes': (1, 4), 'mlpclassifier__max_iter': 10000, 'mlpclassifier__solver': 'adam'}",1.0,1.0,1.0,1.0,0.9,0.9800000000000001,0.039999999999999994,7
7,1.1604142665863038,0.03282268060362213,0.0013265132904052735,5.700396271700184e-05,1e-06,"(1, 2)",10000,sgd,"{'mlpclassifier__alpha': 1e-06, 'mlpclassifier__hidden_layer_sizes': (1, 2), 'mlpclassifier__max_iter': 10000, 'mlpclassifier__solver': 'sgd'}",1.0,1.0,1.0,1.0,0.9,0.9800000000000001,0.039999999999999994,7
118,0.894916582107544,0.02288995520043539,0.0013641357421875,1.648753685099477e-05,1e-05,"(1, 4)",100000,sgd,"{'mlpclassifier__alpha': 1e-05, 'mlpclassifier__hidden_layer_sizes': (1, 4), 'mlpclassifier__max_iter': 100000, 'mlpclassifier__solver': 'sgd'}",1.0,1.0,1.0,1.0,0.9,0.9800000000000001,0.039999999999999994,7
139,1.1942161083221436,0.1368251154542482,0.001774168014526367,0.0009253646126466044,1e-05,"(2, 4)",10000,sgd,"{'mlpclassifier__alpha': 1e-05, 'mlpclassifier__hidden_layer_sizes': (2, 4), 'mlpclassifier__max_iter': 10000, 'mlpclassifier__solver': 'sgd'}",1.0,0.9473684210526315,1.0,1.0,0.95,0.9794736842105263,0.025153269779681117,25
46,1.1101754188537598,0.10727560397788173,0.0013624191284179687,5.618117171662849e-05,1e-06,"(2, 4)",100000,sgd,"{'mlpclassifier__alpha': 1e-06, 'mlpclassifier__hidden_layer_sizes': (2, 4), 'mlpclassifier__max_iter': 100000, 'mlpclassifier__solver': 'sgd'}",1.0,0.9473684210526315,1.0,1.0,0.95,0.9794736842105263,0.025153269779681117,25
108,0.017191314697265626,0.0032556842538162215,0.0012974262237548829,2.9051242717949374e-05,1e-05,"(1, 3)",10000,lbfgs,"{'mlpclassifier__alpha': 1e-05, 'mlpclassifier__hidden_layer_sizes': (1, 3), 'mlpclassifier__max_iter': 10000, 'mlpclassifier__solver': 'lbfgs'}",1.0,0.9473684210526315,1.0,1.0,0.95,0.9794736842105263,0.025153269779681117,25
207,0.025471019744873046,0.013445984767349012,0.001205110549926758,0.00021347816910429816,0.0001,"(1, 3)",100000,lbfgs,"{'mlpclassifier__alpha': 0.0001, 'mlpclassifier__hidden_layer_sizes': (1, 3), 'mlpclassifier__max_iter': 100000, 'mlpclassifier__solver': 'lbfgs'}",1.0,0.9473684210526315,1.0,1.0,0.95,0.9794736842105263,0.025153269779681117,25
204,0.024835920333862303,0.015614974005918436,0.0013043403625488282,1.7426685739663707e-05,0.0001,"(1, 3)",10000,lbfgs,"{'mlpclassifier__alpha': 0.0001, 'mlpclassifier__hidden_layer_sizes': (1, 3), 'mlpclassifier__max_iter': 10000, 'mlpclassifier__solver': 'lbfgs'}",1.0,0.9473684210526315,1.0,1.0,0.95,0.9794736842105263,0.025153269779681117,25
61,0.9971532344818115,0.06329800577045705,0.0016806602478027343,0.0006282269642234722,1e-06,"(3, 3)",10000,sgd,"{'mlpclassifier__alpha': 1e-06, 'mlpclassifier__hidden_layer_sizes': (3, 3), 'mlpclassifier__max_iter': 10000, 'mlpclassifier__solver': 'sgd'}",1.0,0.9473684210526315,1.0,1.0,0.95,0.9794736842105263,0.025153269779681117,25
64,1.006057071685791,0.11038661167617209,0.001445627212524414,0.00028902242861678204,1e-06,"(3, 3)",100000,sgd,"{'mlpclassifier__alpha': 1e-06, 'mlpclassifier__hidden_layer_sizes': (3, 3), 'mlpclassifier__max_iter': 100000, 'mlpclassifier__solver': 'sgd'}",1.0,0.9473684210526315,1.0,1.0,0.95,0.9794736842105263,0.025153269779681117,25
68,0.6392713069915772,0.10443716944146525,0.0014129161834716796,5.267257298953404e-05,1e-06,"(3, 4)",10000,adam,"{'mlpclassifier__alpha': 1e-06, 'mlpclassifier__hidden_layer_sizes': (3, 4), 'mlpclassifier__max_iter': 10000, 'mlpclassifier__solver': 'adam'}",1.0,0.9473684210526315,1.0,1.0,0.95,0.9794736842105263,0.025153269779681117,25
71,0.7024477481842041,0.06497590805732419,0.0013893604278564452,9.111316278010155e-05,1e-06,"(3, 4)",100000,adam,"{'mlpclassifier__alpha': 1e-06, 'mlpclassifier__hidden_layer_sizes': (3, 4), 'mlpclassifier__max_iter': 100000, 'mlpclassifier__solver': 'adam'}",1.0,0.9473684210526315,1.0,1.0,0.95,0.9794736842105263,0.025153269779681117,25
167,0.5606530189514161,0.04666688659542611,0.0013127803802490234,7.631575749447312e-05,1e-05,"(3, 4)",100000,adam,"{'mlpclassifier__alpha': 1e-05, 'mlpclassifier__hidden_layer_sizes': (3, 4), 'mlpclassifier__max_iter': 100000, 'mlpclassifier__solver': 'adam'}",1.0,0.9473684210526315,1.0,1.0,0.95,0.9794736842105263,0.025153269779681117,25
164,0.5591224193572998,0.05738284047340947,0.0014087200164794923,0.00010806634483409126,1e-05,"(3, 4)",10000,adam,"{'mlpclassifier__alpha': 1e-05, 'mlpclassifier__hidden_layer_sizes': (3, 4), 'mlpclassifier__max_iter': 10000, 'mlpclassifier__solver': 'adam'}",1.0,0.9473684210526315,1.0,1.0,0.95,0.9794736842105263,0.025153269779681117,25
128,0.8042310237884521,0.09246667829005067,0.0015906810760498047,0.00030629791396103226,1e-05,"(2, 2)",10000,adam,"{'mlpclassifier__alpha': 1e-05, 'mlpclassifier__hidden_layer_sizes': (2, 2), 'mlpclassifier__max_iter': 10000, 'mlpclassifier__solver': 'adam'}",1.0,0.9473684210526315,1.0,1.0,0.95,0.9794736842105263,0.025153269779681117,25
131,0.8160792350769043,0.07111539227740715,0.0014300346374511719,8.254669613649187e-05,1e-05,"(2, 2)",100000,adam,"{'mlpclassifier__alpha': 1e-05, 'mlpclassifier__hidden_layer_sizes': (2, 2), 'mlpclassifier__max_iter': 100000, 'mlpclassifier__solver': 'adam'}",1.0,0.9473684210526315,1.0,1.0,0.95,0.9794736842105263,0.025153269779681117,25
160,0.8449197769165039,0.02825264889097485,0.0018744945526123046,0.0009088389069547164,1e-05,"(3, 3)",100000,sgd,"{'mlpclassifier__alpha': 1e-05, 'mlpclassifier__hidden_layer_sizes': (3, 3), 'mlpclassifier__max_iter': 100000, 'mlpclassifier__solver': 'sgd'}",1.0,0.9473684210526315,1.0,1.0,0.95,0.9794736842105263,0.025153269779681117,25
157,0.8645725727081299,0.051366748227922324,0.0013494491577148438,3.5466556744164614e-05,1e-05,"(3, 3)",10000,sgd,"{'mlpclassifier__alpha': 1e-05, 'mlpclassifier__hidden_layer_sizes': (3, 3), 'mlpclassifier__max_iter': 10000, 'mlpclassifier__solver': 'sgd'}",1.0,0.9473684210526315,1.0,1.0,0.95,0.9794736842105263,0.025153269779681117,25
142,1.1122042179107665,0.09811446604813977,0.001346731185913086,2.055748903926055e-05,1e-05,"(2, 4)",100000,sgd,"{'mlpclassifier__alpha': 1e-05, 'mlpclassifier__hidden_layer_sizes': (2, 4), 'mlpclassifier__max_iter': 100000, 'mlpclassifier__solver': 'sgd'}",1.0,0.9473684210526315,1.0,1.0,0.95,0.9794736842105263,0.025153269779681117,25
43,1.1150619983673096,0.09884852342754721,0.0013534069061279298,5.0763475606865735e-05,1e-06,"(2, 4)",10000,sgd,"{'mlpclassifier__alpha': 1e-06, 'mlpclassifier__hidden_layer_sizes': (2, 4), 'mlpclassifier__max_iter': 10000, 'mlpclassifier__solver': 'sgd'}",1.0,0.9473684210526315,1.0,1.0,0.95,0.9794736842105263,0.025153269779681117,25
111,0.01735548973083496,0.003612140261995631,0.0014366626739501954,0.0001819310548423661,1e-05,"(1, 3)",100000,lbfgs,"{'mlpclassifier__alpha': 1e-05, 'mlpclassifier__hidden_layer_sizes': (1, 3), 'mlpclassifier__max_iter': 100000, 'mlpclassifier__solver': 'lbfgs'}",1.0,0.9473684210526315,1.0,1.0,0.95,0.9794736842105263,0.025153269779681117,25
256,0.8673366069793701,0.020976607107281865,0.001248311996459961,0.0002285947290397662,0.0001,"(3, 3)",100000,sgd,"{'mlpclassifier__alpha': 0.0001, 'mlpclassifier__hidden_layer_sizes': (3, 3), 'mlpclassifier__max_iter': 100000, 'mlpclassifier__solver': 'sgd'}",1.0,0.9473684210526315,1.0,1.0,0.95,0.9794736842105263,0.025153269779681117,25
224,0.7892619609832764,0.05641750184116343,0.0013448715209960938,2.044258234774007e-05,0.0001,"(2, 2)",10000,adam,"{'mlpclassifier__alpha': 0.0001, 'mlpclassifier__hidden_layer_sizes': (2, 2), 'mlpclassifier__max_iter': 10000, 'mlpclassifier__solver': 'adam'}",1.0,0.9473684210526315,1.0,1.0,0.95,0.9794736842105263,0.025153269779681117,25
227,0.7584702491760253,0.055477093399668324,0.001203632354736328,0.0001869473267304299,0.0001,"(2, 2)",100000,adam,"{'mlpclassifier__alpha': 0.0001, 'mlpclassifier__hidden_layer_sizes': (2, 2), 'mlpclassifier__max_iter': 100000, 'mlpclassifier__solver': 'adam'}",1.0,0.9473684210526315,1.0,1.0,0.95,0.9794736842105263,0.025153269779681117,25
235,1.324714469909668,0.10070390055051662,0.0036248683929443358,0.004420665146055874,0.0001,"(2, 4)",10000,sgd,"{'mlpclassifier__alpha': 0.0001, 'mlpclassifier__hidden_layer_sizes': (2, 4), 'mlpclassifier__max_iter': 10000, 'mlpclassifier__solver': 'sgd'}",1.0,0.9473684210526315,1.0,1.0,0.95,0.9794736842105263,0.025153269779681117,25
12,0.017423057556152345,0.003599357210164031,0.0013036251068115235,2.8917490574470537e-05,1e-06,"(1, 3)",10000,lbfgs,"{'mlpclassifier__alpha': 1e-06, 'mlpclassifier__hidden_layer_sizes': (1, 3), 'mlpclassifier__max_iter': 10000, 'mlpclassifier__solver': 'lbfgs'}",1.0,0.9473684210526315,1.0,1.0,0.95,0.9794736842105263,0.025153269779681117,25
35,0.728948450088501,0.03295432889744041,0.0014656543731689452,0.00032183610291185367,1e-06,"(2, 2)",100000,adam,"{'mlpclassifier__alpha': 1e-06, 'mlpclassifier__hidden_layer_sizes': (2, 2), 'mlpclassifier__max_iter': 100000, 'mlpclassifier__solver': 'adam'}",1.0,0.9473684210526315,1.0,1.0,0.95,0.9794736842105263,0.025153269779681117,25
238,1.2710520267486571,0.15771981752914344,0.001497650146484375,0.00023004250484776615,0.0001,"(2, 4)",100000,sgd,"{'mlpclassifier__alpha': 0.0001, 'mlpclassifier__hidden_layer_sizes': (2, 4), 'mlpclassifier__max_iter': 100000, 'mlpclassifier__solver': 'sgd'}",1.0,0.9473684210526315,1.0,1.0,0.95,0.9794736842105263,0.025153269779681117,25
263,0.5879011154174805,0.049825045596809024,0.0013946533203125,8.405120277492716e-05,0.0001,"(3, 4)",100000,adam,"{'mlpclassifier__alpha': 0.0001, 'mlpclassifier__hidden_layer_sizes': (3, 4), 'mlpclassifier__max_iter': 100000, 'mlpclassifier__solver': 'adam'}",1.0,0.9473684210526315,1.0,1.0,0.95,0.9794736842105263,0.025153269779681117,25
32,0.723542594909668,0.04597538432409995,0.0013375282287597656,3.8294210003225357e-05,1e-06,"(2, 2)",10000,adam,"{'mlpclassifier__alpha': 1e-06, 'mlpclassifier__hidden_layer_sizes': (2, 2), 'mlpclassifier__max_iter': 10000, 'mlpclassifier__solver': 'adam'}",1.0,0.9473684210526315,1.0,1.0,0.95,0.9794736842105263,0.025153269779681117,25
15,0.017423391342163086,0.0033337570141806425,0.0012973785400390626,2.369770339147279e-05,1e-06,"(1, 3)",100000,lbfgs,"{'mlpclassifier__alpha': 1e-06, 'mlpclassifier__hidden_layer_sizes': (1, 3), 'mlpclassifier__max_iter': 100000, 'mlpclassifier__solver': 'lbfgs'}",1.0,0.9473684210526315,1.0,1.0,0.95,0.9794736842105263,0.025153269779681117,25
253,0.9861373424530029,0.08306934275357408,0.0016008853912353516,0.00029640849792397897,0.0001,"(3, 3)",10000,sgd,"{'mlpclassifier__alpha': 0.0001, 'mlpclassifier__hidden_layer_sizes': (3, 3), 'mlpclassifier__max_iter': 10000, 'mlpclassifier__solver': 'sgd'}",1.0,0.9473684210526315,1.0,1.0,0.95,0.9794736842105263,0.025153269779681117,25
260,0.5830487728118896,0.035932094976730666,0.001342916488647461,2.7335955981036488e-05,0.0001,"(3, 4)",10000,adam,"{'mlpclassifier__alpha': 0.0001, 'mlpclassifier__hidden_layer_sizes': (3, 4), 'mlpclassifier__max_iter': 10000, 'mlpclassifier__solver': 'adam'}",1.0,0.9473684210526315,1.0,1.0,0.95,0.9794736842105263,0.025153269779681117,25
270,0.023203420639038085,0.007927967051642169,0.0013270854949951171,2.4774615929181996e-05,0.0001,"(4, 2)",10000,lbfgs,"{'mlpclassifier__alpha': 0.0001, 'mlpclassifier__hidden_layer_sizes': (4, 2), 'mlpclassifier__max_iter': 10000, 'mlpclassifier__solver': 'lbfgs'}",1.0,0.9473684210526315,1.0,0.9473684210526315,1.0,0.9789473684210526,0.025784102555612427,55
78,0.025415849685668946,0.005320324526791422,0.002229738235473633,0.000942024848539982,1e-06,"(4, 2)",10000,lbfgs,"{'mlpclassifier__alpha': 1e-06, 'mlpclassifier__hidden_layer_sizes': (4, 2), 'mlpclassifier__max_iter': 10000, 'mlpclassifier__solver': 'lbfgs'}",1.0,0.9473684210526315,1.0,0.9473684210526315,1.0,0.9789473684210526,0.025784102555612427,55
81,0.023412799835205077,0.005410979521351369,0.0014774322509765625,0.00015435657047182098,1e-06,"(4, 2)",100000,lbfgs,"{'mlpclassifier__alpha': 1e-06, 'mlpclassifier__hidden_layer_sizes': (4, 2), 'mlpclassifier__max_iter': 100000, 'mlpclassifier__solver': 'lbfgs'}",1.0,0.9473684210526315,1.0,0.9473684210526315,1.0,0.9789473684210526,0.025784102555612427,55
273,0.02472515106201172,0.009262195026839191,0.0013377666473388672,2.8565690021959406e-05,0.0001,"(4, 2)",100000,lbfgs,"{'mlpclassifier__alpha': 0.0001, 'mlpclassifier__hidden_layer_sizes': (4, 2), 'mlpclassifier__max_iter': 100000, 'mlpclassifier__solver': 'lbfgs'}",1.0,0.9473684210526315,1.0,0.9473684210526315,1.0,0.9789473684210526,0.025784102555612427,55
93,0.015108060836791993,0.0013305252975491714,0.0012948989868164062,0.00015256415122854824,1e-06,"(4, 4)",100000,lbfgs,"{'mlpclassifier__alpha': 1e-06, 'mlpclassifier__hidden_layer_sizes': (4, 4), 'mlpclassifier__max_iter': 100000, 'mlpclassifier__solver': 'lbfgs'}",1.0,1.0,1.0,1.0,0.85,0.97,0.06000000000000001,59
90,0.017341423034667968,0.004881316164803929,0.0015886306762695312,0.00021526445802232485,1e-06,"(4, 4)",10000,lbfgs,"{'mlpclassifier__alpha': 1e-06, 'mlpclassifier__hidden_layer_sizes': (4, 4), 'mlpclassifier__max_iter': 10000, 'mlpclassifier__solver': 'lbfgs'}",1.0,1.0,1.0,1.0,0.85,0.97,0.06000000000000001,59
126,0.02023310661315918,0.0088957959381986,0.0013803958892822266,0.00010653265669794937,1e-05,"(2, 2)",10000,lbfgs,"{'mlpclassifier__alpha': 1e-05, 'mlpclassifier__hidden_layer_sizes': (2, 2), 'mlpclassifier__max_iter': 10000, 'mlpclassifier__solver': 'lbfgs'}",1.0,1.0,1.0,1.0,0.85,0.97,0.06000000000000001,59
129,0.019949054718017577,0.010979198783618018,0.001320648193359375,1.4714425191085899e-05,1e-05,"(2, 2)",100000,lbfgs,"{'mlpclassifier__alpha': 1e-05, 'mlpclassifier__hidden_layer_sizes': (2, 2), 'mlpclassifier__max_iter': 100000, 'mlpclassifier__solver': 'lbfgs'}",1.0,1.0,1.0,1.0,0.85,0.97,0.06000000000000001,59
8,1.2196245193481445,0.07305957012309877,0.0013082027435302734,6.096135087835868e-05,1e-06,"(1, 2)",10000,adam,"{'mlpclassifier__alpha': 1e-06, 'mlpclassifier__hidden_layer_sizes': (1, 2), 'mlpclassifier__max_iter': 10000, 'mlpclassifier__solver': 'adam'}",1.0,1.0,1.0,1.0,0.85,0.97,0.06000000000000001,59
257,0.5958914756774902,0.053477569609945735,0.0013766765594482421,0.00017493162226169077,0.0001,"(3, 3)",100000,adam,"{'mlpclassifier__alpha': 0.0001, 'mlpclassifier__hidden_layer_sizes': (3, 3), 'mlpclassifier__max_iter': 100000, 'mlpclassifier__solver': 'adam'}",1.0,1.0,1.0,1.0,0.85,0.97,0.06000000000000001,59
186,0.014151620864868163,0.0021703955482438786,0.0014978885650634766,0.00012284926271640808,1e-05,"(4, 4)",10000,lbfgs,"{'mlpclassifier__alpha': 1e-05, 'mlpclassifier__hidden_layer_sizes': (4, 4), 'mlpclassifier__max_iter': 10000, 'mlpclassifier__solver': 'lbfgs'}",1.0,1.0,1.0,1.0,0.85,0.97,0.06000000000000001,59
161,0.5587154865264893,0.04716822209027019,0.0013661861419677734,2.8400206581058435e-05,1e-05,"(3, 3)",100000,adam,"{'mlpclassifier__alpha': 1e-05, 'mlpclassifier__hidden_layer_sizes': (3, 3), 'mlpclassifier__max_iter': 100000, 'mlpclassifier__solver': 'adam'}",1.0,1.0,1.0,1.0,0.85,0.97,0.06000000000000001,59
158,0.5563333034515381,0.06859337604225477,0.0012955665588378906,8.914878442584067e-05,1e-05,"(3, 3)",10000,adam,"{'mlpclassifier__alpha': 1e-05, 'mlpclassifier__hidden_layer_sizes': (3, 3), 'mlpclassifier__max_iter': 10000, 'mlpclassifier__solver': 'adam'}",1.0,1.0,1.0,1.0,0.85,0.97,0.06000000000000001,59
11,1.2476705074310304,0.04236532087983906,0.0013200759887695313,4.5625966077087385e-05,1e-06,"(1, 2)",100000,adam,"{'mlpclassifier__alpha': 1e-06, 'mlpclassifier__hidden_layer_sizes': (1, 2), 'mlpclassifier__max_iter': 100000, 'mlpclassifier__solver': 'adam'}",1.0,1.0,1.0,1.0,0.85,0.97,0.06000000000000001,59
65,0.6603757381439209,0.08054642510933069,0.0019207000732421875,0.0006696299610421092,1e-06,"(3, 3)",100000,adam,"{'mlpclassifier__alpha': 1e-06, 'mlpclassifier__hidden_layer_sizes': (3, 3), 'mlpclassifier__max_iter': 100000, 'mlpclassifier__solver': 'adam'}",1.0,1.0,1.0,1.0,0.85,0.97,0.06000000000000001,59
225,0.018828344345092774,0.008779072251800916,0.0013246536254882812,1.5317535561893474e-05,0.0001,"(2, 2)",100000,lbfgs,"{'mlpclassifier__alpha': 0.0001, 'mlpclassifier__hidden_layer_sizes': (2, 2), 'mlpclassifier__max_iter': 100000, 'mlpclassifier__solver': 'lbfgs'}",1.0,1.0,1.0,1.0,0.85,0.97,0.06000000000000001,59
222,0.018352699279785157,0.008962149894563036,0.0012887954711914063,1.241114701249534e-05,0.0001,"(2, 2)",10000,lbfgs,"{'mlpclassifier__alpha': 0.0001, 'mlpclassifier__hidden_layer_sizes': (2, 2), 'mlpclassifier__max_iter': 10000, 'mlpclassifier__solver': 'lbfgs'}",1.0,1.0,1.0,1.0,0.85,0.97,0.06000000000000001,59
285,0.015202474594116212,0.0014142459440146544,0.0013458251953125,2.491190086488334e-05,0.0001,"(4, 4)",100000,lbfgs,"{'mlpclassifier__alpha': 0.0001, 'mlpclassifier__hidden_layer_sizes': (4, 4), 'mlpclassifier__max_iter': 100000, 'mlpclassifier__solver': 'lbfgs'}",1.0,1.0,1.0,1.0,0.85,0.97,0.06000000000000001,59
107,1.3762916564941405,0.04654722071328893,0.0014740467071533204,0.00018534768906283453,1e-05,"(1, 2)",100000,adam,"{'mlpclassifier__alpha': 1e-05, 'mlpclassifier__hidden_layer_sizes': (1, 2), 'mlpclassifier__max_iter': 100000, 'mlpclassifier__solver': 'adam'}",1.0,1.0,1.0,1.0,0.85,0.97,0.06000000000000001,59
33,0.018589210510253907,0.008509540277302864,0.0013217926025390625,1.5750791004775298e-05,1e-06,"(2, 2)",100000,lbfgs,"{'mlpclassifier__alpha': 1e-06, 'mlpclassifier__hidden_layer_sizes': (2, 2), 'mlpclassifier__max_iter': 100000, 'mlpclassifier__solver': 'lbfgs'}",1.0,1.0,1.0,1.0,0.85,0.97,0.06000000000000001,59
203,1.246096658706665,0.07277391050506701,0.0013274669647216797,6.327278728314913e-05,0.0001,"(1, 2)",100000,adam,"{'mlpclassifier__alpha': 0.0001, 'mlpclassifier__hidden_layer_sizes': (1, 2), 'mlpclassifier__max_iter': 100000, 'mlpclassifier__solver': 'adam'}",1.0,1.0,1.0,1.0,0.85,0.97,0.06000000000000001,59
30,0.018451929092407227,0.008015766010785885,0.0013483524322509765,3.834541679796003e-05,1e-06,"(2, 2)",10000,lbfgs,"{'mlpclassifier__alpha': 1e-06, 'mlpclassifier__hidden_layer_sizes': (2, 2), 'mlpclassifier__max_iter': 10000, 'mlpclassifier__solver': 'lbfgs'}",1.0,1.0,1.0,1.0,0.85,0.97,0.06000000000000001,59
282,0.01570916175842285,0.0060383286964926465,0.0013188838958740235,4.2861639964258245e-05,0.0001,"(4, 4)",10000,lbfgs,"{'mlpclassifier__alpha': 0.0001, 'mlpclassifier__hidden_layer_sizes': (4, 4), 'mlpclassifier__max_iter': 10000, 'mlpclassifier__solver': 'lbfgs'}",1.0,1.0,1.0,1.0,0.85,0.97,0.06000000000000001,59
104,1.2627446174621582,0.06276020799419013,0.0013403892517089844,2.3581031798120462e-05,1e-05,"(1, 2)",10000,adam,"{'mlpclassifier__alpha': 1e-05, 'mlpclassifier__hidden_layer_sizes': (1, 2), 'mlpclassifier__max_iter': 10000, 'mlpclassifier__solver': 'adam'}",1.0,1.0,1.0,1.0,0.85,0.97,0.06000000000000001,59
200,1.2502058506011964,0.05394035959550712,0.0014071941375732421,0.00012953300491858183,0.0001,"(1, 2)",10000,adam,"{'mlpclassifier__alpha': 0.0001, 'mlpclassifier__hidden_layer_sizes': (1, 2), 'mlpclassifier__max_iter': 10000, 'mlpclassifier__solver': 'adam'}",1.0,1.0,1.0,1.0,0.85,0.97,0.06000000000000001,59
254,0.5512235641479493,0.04931476430751442,0.0015273094177246094,0.00022698470501380656,0.0001,"(3, 3)",10000,adam,"{'mlpclassifier__alpha': 0.0001, 'mlpclassifier__hidden_layer_sizes': (3, 3), 'mlpclassifier__max_iter': 10000, 'mlpclassifier__solver': 'adam'}",1.0,1.0,1.0,1.0,0.85,0.97,0.06000000000000001,59
62,0.6318973541259766,0.07598583889337723,0.0017887115478515624,0.0005468446949215896,1e-06,"(3, 3)",10000,adam,"{'mlpclassifier__alpha': 1e-06, 'mlpclassifier__hidden_layer_sizes': (3, 3), 'mlpclassifier__max_iter': 10000, 'mlpclassifier__solver': 'adam'}",1.0,1.0,1.0,1.0,0.85,0.97,0.06000000000000001,59
189,0.012800502777099609,0.0014033032189830204,0.0013274192810058595,2.173854530768321e-05,1e-05,"(4, 4)",100000,lbfgs,"{'mlpclassifier__alpha': 1e-05, 'mlpclassifier__hidden_layer_sizes': (4, 4), 'mlpclassifier__max_iter': 100000, 'mlpclassifier__solver': 'lbfgs'}",1.0,1.0,1.0,1.0,0.85,0.97,0.06000000000000001,59
259,0.7457229614257812,0.040232183765435595,0.0014061450958251954,8.942717006035649e-05,0.0001,"(3, 4)",10000,sgd,"{'mlpclassifier__alpha': 0.0001, 'mlpclassifier__hidden_layer_sizes': (3, 4), 'mlpclassifier__max_iter': 10000, 'mlpclassifier__solver': 'sgd'}",1.0,0.9473684210526315,1.0,1.0,0.9,0.9694736842105263,0.040276055725703135,83
163,0.786998701095581,0.06472053798380573,0.0017787933349609375,0.0008519767132819942,1e-05,"(3, 4)",10000,sgd,"{'mlpclassifier__alpha': 1e-05, 'mlpclassifier__hidden_layer_sizes': (3, 4), 'mlpclassifier__max_iter': 10000, 'mlpclassifier__solver': 'sgd'}",1.0,0.9473684210526315,1.0,1.0,0.9,0.9694736842105263,0.040276055725703135,83
67,0.8657466888427734,0.07286921329463326,0.0015083789825439454,0.00019065053983207715,1e-06,"(3, 4)",10000,sgd,"{'mlpclassifier__alpha': 1e-06, 'mlpclassifier__hidden_layer_sizes': (3, 4), 'mlpclassifier__max_iter': 10000, 'mlpclassifier__solver': 'sgd'}",1.0,0.9473684210526315,1.0,1.0,0.9,0.9694736842105263,0.040276055725703135,83
120,0.03259716033935547,0.015070804162875403,0.001311016082763672,1.83884879122414e-05,1e-05,"(2, 1)",10000,lbfgs,"{'mlpclassifier__alpha': 1e-05, 'mlpclassifier__hidden_layer_sizes': (2, 1), 'mlpclassifier__max_iter': 10000, 'mlpclassifier__solver': 'lbfgs'}",1.0,1.0,1.0,0.9473684210526315,0.9,0.9694736842105263,0.040276055725703135,83
262,0.813283634185791,0.06008844684379607,0.0013558387756347657,4.980298756989443e-05,0.0001,"(3, 4)",100000,sgd,"{'mlpclassifier__alpha': 0.0001, 'mlpclassifier__hidden_layer_sizes': (3, 4), 'mlpclassifier__max_iter': 100000, 'mlpclassifier__solver': 'sgd'}",1.0,0.9473684210526315,1.0,1.0,0.9,0.9694736842105263,0.040276055725703135,83
123,0.03722357749938965,0.02080221577747198,0.0014072418212890624,0.00019587740332006976,1e-05,"(2, 1)",100000,lbfgs,"{'mlpclassifier__alpha': 1e-05, 'mlpclassifier__hidden_layer_sizes': (2, 1), 'mlpclassifier__max_iter': 100000, 'mlpclassifier__solver': 'lbfgs'}",1.0,1.0,1.0,0.9473684210526315,0.9,0.9694736842105263,0.040276055725703135,83
70,0.81645827293396,0.04307751076140783,0.0013743877410888673,3.303886266385165e-05,1e-06,"(3, 4)",100000,sgd,"{'mlpclassifier__alpha': 1e-06, 'mlpclassifier__hidden_layer_sizes': (3, 4), 'mlpclassifier__max_iter': 100000, 'mlpclassifier__solver': 'sgd'}",1.0,0.9473684210526315,1.0,1.0,0.9,0.9694736842105263,0.040276055725703135,83
27,0.034726190567016604,0.02159446740950001,0.0012877941131591796,4.077350865195761e-05,1e-06,"(2, 1)",100000,lbfgs,"{'mlpclassifier__alpha': 1e-06, 'mlpclassifier__hidden_layer_sizes': (2, 1), 'mlpclassifier__max_iter': 100000, 'mlpclassifier__solver': 'lbfgs'}",1.0,1.0,1.0,0.9473684210526315,0.9,0.9694736842105263,0.040276055725703135,83
166,0.7839709758758545,0.06173351560057085,0.0013934135437011718,7.861808450645488e-05,1e-05,"(3, 4)",100000,sgd,"{'mlpclassifier__alpha': 1e-05, 'mlpclassifier__hidden_layer_sizes': (3, 4), 'mlpclassifier__max_iter': 100000, 'mlpclassifier__solver': 'sgd'}",1.0,0.9473684210526315,1.0,1.0,0.9,0.9694736842105263,0.040276055725703135,83
24,0.037031936645507815,0.023343627415212773,0.0017336368560791015,0.00039435639760788504,1e-06,"(2, 1)",10000,lbfgs,"{'mlpclassifier__alpha': 1e-06, 'mlpclassifier__hidden_layer_sizes': (2, 1), 'mlpclassifier__max_iter': 10000, 'mlpclassifier__solver': 'lbfgs'}",1.0,1.0,1.0,0.9473684210526315,0.9,0.9694736842105263,0.040276055725703135,83
275,0.9257409572601318,0.23525162358723425,0.0013638019561767578,2.659853917207925e-05,0.0001,"(4, 2)",100000,adam,"{'mlpclassifier__alpha': 0.0001, 'mlpclassifier__hidden_layer_sizes': (4, 2), 'mlpclassifier__max_iter': 100000, 'mlpclassifier__solver': 'adam'}",0.9473684210526315,0.9473684210526315,1.0,1.0,0.95,0.9689473684210526,0.025372570090934656,93
284,0.638797664642334,0.04040582277131948,0.0014060497283935546,0.00010697239868857366,0.0001,"(4, 4)",10000,adam,"{'mlpclassifier__alpha': 0.0001, 'mlpclassifier__hidden_layer_sizes': (4, 4), 'mlpclassifier__max_iter': 10000, 'mlpclassifier__solver': 'adam'}",0.9473684210526315,0.9473684210526315,1.0,1.0,0.95,0.9689473684210526,0.025372570090934656,93
272,0.9107348442077636,0.21244476988331337,0.0014325618743896485,0.0001267228816876202,0.0001,"(4, 2)",10000,adam,"{'mlpclassifier__alpha': 0.0001, 'mlpclassifier__hidden_layer_sizes': (4, 2), 'mlpclassifier__max_iter': 10000, 'mlpclassifier__solver': 'adam'}",0.9473684210526315,0.9473684210526315,1.0,1.0,0.95,0.9689473684210526,0.025372570090934656,93
223,0.6919727802276612,0.06906098611202122,0.0013915061950683593,0.00010741381198387212,0.0001,"(2, 2)",10000,sgd,"{'mlpclassifier__alpha': 0.0001, 'mlpclassifier__hidden_layer_sizes': (2, 2), 'mlpclassifier__max_iter': 10000, 'mlpclassifier__solver': 'sgd'}",0.9473684210526315,0.9473684210526315,1.0,1.0,0.95,0.9689473684210526,0.025372570090934656,93
130,0.661163330078125,0.04623949895588643,0.0012219905853271484,0.00021017479323594024,1e-05,"(2, 2)",100000,sgd,"{'mlpclassifier__alpha': 1e-05, 'mlpclassifier__hidden_layer_sizes': (2, 2), 'mlpclassifier__max_iter': 100000, 'mlpclassifier__solver': 'sgd'}",0.9473684210526315,0.9473684210526315,1.0,1.0,0.95,0.9689473684210526,0.025372570090934656,93
140,0.7060617923736572,0.05602244020603629,0.002157163619995117,0.0014334762796456122,1e-05,"(2, 4)",10000,adam,"{'mlpclassifier__alpha': 1e-05, 'mlpclassifier__hidden_layer_sizes': (2, 4), 'mlpclassifier__max_iter': 10000, 'mlpclassifier__solver': 'adam'}",1.0,0.9473684210526315,1.0,0.9473684210526315,0.95,0.9689473684210526,0.025372570090934656,93
174,0.02140660285949707,0.005886450850805267,0.001468515396118164,0.00012932405697828577,1e-05,"(4, 2)",10000,lbfgs,"{'mlpclassifier__alpha': 1e-05, 'mlpclassifier__hidden_layer_sizes': (4, 2), 'mlpclassifier__max_iter': 10000, 'mlpclassifier__solver': 'lbfgs'}",1.0,0.9473684210526315,1.0,0.9473684210526315,0.95,0.9689473684210526,0.025372570090934656,93
176,0.9100337982177734,0.22322453561455521,0.0013853073120117187,8.64260739268315e-05,1e-05,"(4, 2)",10000,adam,"{'mlpclassifier__alpha': 1e-05, 'mlpclassifier__hidden_layer_sizes': (4, 2), 'mlpclassifier__max_iter': 10000, 'mlpclassifier__solver': 'adam'}",0.9473684210526315,0.9473684210526315,1.0,1.0,0.95,0.9689473684210526,0.025372570090934656,93
177,0.01995425224304199,0.0052066070372056876,0.001411771774291992,9.503743776142798e-05,1e-05,"(4, 2)",100000,lbfgs,"{'mlpclassifier__alpha': 1e-05, 'mlpclassifier__hidden_layer_sizes': (4, 2), 'mlpclassifier__max_iter': 100000, 'mlpclassifier__solver': 'lbfgs'}",1.0,0.9473684210526315,1.0,0.9473684210526315,0.95,0.9689473684210526,0.025372570090934656,93
179,1.039973211288452,0.23421049383895148,0.001359415054321289,5.1133843375390046e-05,1e-05,"(4, 2)",100000,adam,"{'mlpclassifier__alpha': 1e-05, 'mlpclassifier__hidden_layer_sizes': (4, 2), 'mlpclassifier__max_iter': 100000, 'mlpclassifier__solver': 'adam'}",0.9473684210526315,0.9473684210526315,1.0,1.0,0.95,0.9689473684210526,0.025372570090934656,93
188,0.6007771492004395,0.050592242355412514,0.001343679428100586,3.2393847324531834e-05,1e-05,"(4, 4)",10000,adam,"{'mlpclassifier__alpha': 1e-05, 'mlpclassifier__hidden_layer_sizes': (4, 4), 'mlpclassifier__max_iter': 10000, 'mlpclassifier__solver': 'adam'}",0.9473684210526315,0.9473684210526315,1.0,1.0,0.95,0.9689473684210526,0.025372570090934656,93
191,0.6632497787475586,0.08994992738192646,0.0015859127044677735,0.0005265846270611106,1e-05,"(4, 4)",100000,adam,"{'mlpclassifier__alpha': 1e-05, 'mlpclassifier__hidden_layer_sizes': (4, 4), 'mlpclassifier__max_iter': 100000, 'mlpclassifier__solver': 'adam'}",0.9473684210526315,0.9473684210526315,1.0,1.0,0.95,0.9689473684210526,0.025372570090934656,93
198,0.011069869995117188,0.0005702029942936789,0.0013040065765380859,2.0538677783703862e-05,0.0001,"(1, 2)",10000,lbfgs,"{'mlpclassifier__alpha': 0.0001, 'mlpclassifier__hidden_layer_sizes': (1, 2), 'mlpclassifier__max_iter': 10000, 'mlpclassifier__solver': 'lbfgs'}",1.0,0.9473684210526315,1.0,0.9473684210526315,0.95,0.9689473684210526,0.025372570090934656,93
201,0.010924911499023438,0.0004926145716812677,0.0012803077697753906,2.9888220021964677e-05,0.0001,"(1, 2)",100000,lbfgs,"{'mlpclassifier__alpha': 0.0001, 'mlpclassifier__hidden_layer_sizes': (1, 2), 'mlpclassifier__max_iter': 100000, 'mlpclassifier__solver': 'lbfgs'}",1.0,0.9473684210526315,1.0,0.9473684210526315,0.95,0.9689473684210526,0.025372570090934656,93
239,0.7693603515625,0.05654936299320711,0.001434183120727539,0.00011113493793521655,0.0001,"(2, 4)",100000,adam,"{'mlpclassifier__alpha': 0.0001, 'mlpclassifier__hidden_layer_sizes': (2, 4), 'mlpclassifier__max_iter': 100000, 'mlpclassifier__solver': 'adam'}",1.0,0.9473684210526315,1.0,0.9473684210526315,0.95,0.9689473684210526,0.025372570090934656,93
236,0.7929018020629883,0.11181649146124516,0.0015676498413085937,0.00040128897881294934,0.0001,"(2, 4)",10000,adam,"{'mlpclassifier__alpha': 0.0001, 'mlpclassifier__hidden_layer_sizes': (2, 4), 'mlpclassifier__max_iter': 10000, 'mlpclassifier__solver': 'adam'}",1.0,0.9473684210526315,1.0,0.9473684210526315,0.95,0.9689473684210526,0.025372570090934656,93
226,0.6828771114349366,0.09180559418446826,0.001660776138305664,0.0005757181338772047,0.0001,"(2, 2)",100000,sgd,"{'mlpclassifier__alpha': 0.0001, 'mlpclassifier__hidden_layer_sizes': (2, 2), 'mlpclassifier__max_iter': 100000, 'mlpclassifier__solver': 'sgd'}",0.9473684210526315,0.9473684210526315,1.0,1.0,0.95,0.9689473684210526,0.025372570090934656,93
127,0.6661805629730224,0.06174614192039966,0.0013672351837158204,6.734463543803181e-05,1e-05,"(2, 2)",10000,sgd,"{'mlpclassifier__alpha': 1e-05, 'mlpclassifier__hidden_layer_sizes': (2, 2), 'mlpclassifier__max_iter': 10000, 'mlpclassifier__solver': 'sgd'}",0.9473684210526315,0.9473684210526315,1.0,1.0,0.95,0.9689473684210526,0.025372570090934656,93
143,0.749139928817749,0.10988273630933043,0.0013267040252685548,0.00010300991628610418,1e-05,"(2, 4)",100000,adam,"{'mlpclassifier__alpha': 1e-05, 'mlpclassifier__hidden_layer_sizes': (2, 4), 'mlpclassifier__max_iter': 100000, 'mlpclassifier__solver': 'adam'}",1.0,0.9473684210526315,1.0,0.9473684210526315,0.95,0.9689473684210526,0.025372570090934656,93
287,0.5407720088958741,0.07600110395116615,0.001090240478515625,0.00025006276228834107,0.0001,"(4, 4)",100000,adam,"{'mlpclassifier__alpha': 0.0001, 'mlpclassifier__hidden_layer_sizes': (4, 4), 'mlpclassifier__max_iter': 100000, 'mlpclassifier__solver': 'adam'}",0.9473684210526315,0.9473684210526315,1.0,1.0,0.95,0.9689473684210526,0.025372570090934656,93
105,0.01256093978881836,0.0005029143117621946,0.001735830307006836,0.0006018104629269479,1e-05,"(1, 2)",100000,lbfgs,"{'mlpclassifier__alpha': 1e-05, 'mlpclassifier__hidden_layer_sizes': (1, 2), 'mlpclassifier__max_iter': 100000, 'mlpclassifier__solver': 'lbfgs'}",1.0,0.9473684210526315,1.0,0.9473684210526315,0.95,0.9689473684210526,0.025372570090934656,93
80,1.2223493576049804,0.34307035936135566,0.0017054557800292968,0.0006446781666071711,1e-06,"(4, 2)",10000,adam,"{'mlpclassifier__alpha': 1e-06, 'mlpclassifier__hidden_layer_sizes': (4, 2), 'mlpclassifier__max_iter': 10000, 'mlpclassifier__solver': 'adam'}",0.9473684210526315,0.9473684210526315,1.0,1.0,0.95,0.9689473684210526,0.025372570090934656,93
83,1.2746633529663085,0.27033841925511776,0.0014128684997558594,5.521766056456543e-05,1e-06,"(4, 2)",100000,adam,"{'mlpclassifier__alpha': 1e-06, 'mlpclassifier__hidden_layer_sizes': (4, 2), 'mlpclassifier__max_iter': 100000, 'mlpclassifier__solver': 'adam'}",0.9473684210526315,0.9473684210526315,1.0,1.0,0.95,0.9689473684210526,0.025372570090934656,93
6,0.011676502227783204,0.0006086584427057901,0.0013247489929199218,3.626176509091549e-05,1e-06,"(1, 2)",10000,lbfgs,"{'mlpclassifier__alpha': 1e-06, 'mlpclassifier__hidden_layer_sizes': (1, 2), 'mlpclassifier__max_iter': 10000, 'mlpclassifier__solver': 'lbfgs'}",1.0,0.9473684210526315,1.0,0.9473684210526315,0.95,0.9689473684210526,0.025372570090934656,93
9,0.012016916275024414,0.001274354478799811,0.0013468265533447266,3.596724240797825e-05,1e-06,"(1, 2)",100000,lbfgs,"{'mlpclassifier__alpha': 1e-06, 'mlpclassifier__hidden_layer_sizes': (1, 2), 'mlpclassifier__max_iter': 100000, 'mlpclassifier__solver': 'lbfgs'}",1.0,0.9473684210526315,1.0,0.9473684210526315,0.95,0.9689473684210526,0.025372570090934656,93
44,0.6507784366607666,0.030745430971801376,0.0013990402221679688,1.692268135434662e-05,1e-06,"(2, 4)",10000,adam,"{'mlpclassifier__alpha': 1e-06, 'mlpclassifier__hidden_layer_sizes': (2, 4), 'mlpclassifier__max_iter': 10000, 'mlpclassifier__solver': 'adam'}",1.0,0.9473684210526315,1.0,0.9473684210526315,0.95,0.9689473684210526,0.025372570090934656,93
34,0.6601536273956299,0.05584954792682221,0.0013323783874511718,3.609206878297229e-05,1e-06,"(2, 2)",100000,sgd,"{'mlpclassifier__alpha': 1e-06, 'mlpclassifier__hidden_layer_sizes': (2, 2), 'mlpclassifier__max_iter': 100000, 'mlpclassifier__solver': 'sgd'}",0.9473684210526315,0.9473684210526315,1.0,1.0,0.95,0.9689473684210526,0.025372570090934656,93
92,0.7776466846466065,0.13499138893369897,0.0016659736633300782,0.00034559213771029595,1e-06,"(4, 4)",10000,adam,"{'mlpclassifier__alpha': 1e-06, 'mlpclassifier__hidden_layer_sizes': (4, 4), 'mlpclassifier__max_iter': 10000, 'mlpclassifier__solver': 'adam'}",0.9473684210526315,0.9473684210526315,1.0,1.0,0.95,0.9689473684210526,0.025372570090934656,93
31,0.6658494472503662,0.06237068896799568,0.0013496875762939453,2.4287353215251288e-05,1e-06,"(2, 2)",10000,sgd,"{'mlpclassifier__alpha': 1e-06, 'mlpclassifier__hidden_layer_sizes': (2, 2), 'mlpclassifier__max_iter': 10000, 'mlpclassifier__solver': 'sgd'}",0.9473684210526315,0.9473684210526315,1.0,1.0,0.95,0.9689473684210526,0.025372570090934656,93
95,0.6722930431365967,0.0816096272177267,0.0013856887817382812,5.617315778642448e-05,1e-06,"(4, 4)",100000,adam,"{'mlpclassifier__alpha': 1e-06, 'mlpclassifier__hidden_layer_sizes': (4, 4), 'mlpclassifier__max_iter': 100000, 'mlpclassifier__solver': 'adam'}",0.9473684210526315,0.9473684210526315,1.0,1.0,0.95,0.9689473684210526,0.025372570090934656,93
47,0.6853654384613037,0.038326871938154275,0.0014851093292236328,0.0002934756649447855,1e-06,"(2, 4)",100000,adam,"{'mlpclassifier__alpha': 1e-06, 'mlpclassifier__hidden_layer_sizes': (2, 4), 'mlpclassifier__max_iter': 100000, 'mlpclassifier__solver': 'adam'}",1.0,0.9473684210526315,1.0,0.9473684210526315,0.95,0.9689473684210526,0.025372570090934656,93
102,0.011308622360229493,0.0011956422076317282,0.0012769222259521485,7.399821372039095e-05,1e-05,"(1, 2)",10000,lbfgs,"{'mlpclassifier__alpha': 1e-05, 'mlpclassifier__hidden_layer_sizes': (1, 2), 'mlpclassifier__max_iter': 10000, 'mlpclassifier__solver': 'lbfgs'}",1.0,0.9473684210526315,1.0,0.9473684210526315,0.95,0.9689473684210526,0.025372570090934656,93
84,0.021713113784790038,0.00772174703755125,0.0014449119567871093,0.0001418082442769503,1e-06,"(4, 3)",10000,lbfgs,"{'mlpclassifier__alpha': 1e-06, 'mlpclassifier__hidden_layer_sizes': (4, 3), 'mlpclassifier__max_iter': 10000, 'mlpclassifier__solver': 'lbfgs'}",1.0,1.0,1.0,0.9473684210526315,0.85,0.9594736842105263,0.0584091974694951,125
279,0.013296842575073242,0.0030487028380337395,0.0013127803802490234,1.825570297315781e-05,0.0001,"(4, 3)",100000,lbfgs,"{'mlpclassifier__alpha': 0.0001, 'mlpclassifier__hidden_layer_sizes': (4, 3), 'mlpclassifier__max_iter': 100000, 'mlpclassifier__solver': 'lbfgs'}",1.0,1.0,1.0,0.9473684210526315,0.85,0.9594736842105263,0.0584091974694951,125
21,0.01124882698059082,0.0010367378645938826,0.0013133525848388673,1.9257728502303643e-05,1e-06,"(1, 4)",100000,lbfgs,"{'mlpclassifier__alpha': 1e-06, 'mlpclassifier__hidden_layer_sizes': (1, 4), 'mlpclassifier__max_iter': 100000, 'mlpclassifier__solver': 'lbfgs'}",1.0,1.0,1.0,0.9473684210526315,0.85,0.9594736842105263,0.0584091974694951,125
18,0.011186790466308594,0.0010689480272532922,0.0013188838958740235,5.1732414689911274e-05,1e-06,"(1, 4)",10000,lbfgs,"{'mlpclassifier__alpha': 1e-06, 'mlpclassifier__hidden_layer_sizes': (1, 4), 'mlpclassifier__max_iter': 10000, 'mlpclassifier__solver': 'lbfgs'}",1.0,1.0,1.0,0.9473684210526315,0.85,0.9594736842105263,0.0584091974694951,125
183,0.023438644409179688,0.013774391250512122,0.0013684749603271485,0.0003760215625233255,1e-05,"(4, 3)",100000,lbfgs,"{'mlpclassifier__alpha': 1e-05, 'mlpclassifier__hidden_layer_sizes': (4, 3), 'mlpclassifier__max_iter': 100000, 'mlpclassifier__solver': 'lbfgs'}",1.0,1.0,1.0,0.9473684210526315,0.85,0.9594736842105263,0.0584091974694951,125
114,0.011870288848876953,0.0012782292801054584,0.0016861915588378905,0.0006408620731781499,1e-05,"(1, 4)",10000,lbfgs,"{'mlpclassifier__alpha': 1e-05, 'mlpclassifier__hidden_layer_sizes': (1, 4), 'mlpclassifier__max_iter': 10000, 'mlpclassifier__solver': 'lbfgs'}",1.0,1.0,1.0,0.9473684210526315,0.85,0.9594736842105263,0.0584091974694951,125
210,0.012386465072631836,0.0016937523044484911,0.0013623714447021484,6.672660944088488e-05,0.0001,"(1, 4)",10000,lbfgs,"{'mlpclassifier__alpha': 0.0001, 'mlpclassifier__hidden_layer_sizes': (1, 4), 'mlpclassifier__max_iter': 10000, 'mlpclassifier__solver': 'lbfgs'}",1.0,1.0,1.0,0.9473684210526315,0.85,0.9594736842105263,0.0584091974694951,125
213,0.017499637603759766,0.0077064176095866434,0.0013214111328125,2.3226228437040626e-05,0.0001,"(1, 4)",100000,lbfgs,"{'mlpclassifier__alpha': 0.0001, 'mlpclassifier__hidden_layer_sizes': (1, 4), 'mlpclassifier__max_iter': 100000, 'mlpclassifier__solver': 'lbfgs'}",1.0,1.0,1.0,0.9473684210526315,0.85,0.9594736842105263,0.0584091974694951,125
276,0.014329290390014649,0.0046245103883770945,0.0013342857360839843,2.0693633933718975e-05,0.0001,"(4, 3)",10000,lbfgs,"{'mlpclassifier__alpha': 0.0001, 'mlpclassifier__hidden_layer_sizes': (4, 3), 'mlpclassifier__max_iter': 10000, 'mlpclassifier__solver': 'lbfgs'}",1.0,1.0,1.0,0.9473684210526315,0.85,0.9594736842105263,0.0584091974694951,125
87,0.02172718048095703,0.006586075479177094,0.0019501209259033202,0.0005957100223961269,1e-06,"(4, 3)",100000,lbfgs,"{'mlpclassifier__alpha': 1e-06, 'mlpclassifier__hidden_layer_sizes': (4, 3), 'mlpclassifier__max_iter': 100000, 'mlpclassifier__solver': 'lbfgs'}",1.0,1.0,1.0,0.9473684210526315,0.85,0.9594736842105263,0.0584091974694951,125
180,0.013278341293334961,0.003000493400473482,0.004190206527709961,0.005346129869746062,1e-05,"(4, 3)",10000,lbfgs,"{'mlpclassifier__alpha': 1e-05, 'mlpclassifier__hidden_layer_sizes': (4, 3), 'mlpclassifier__max_iter': 10000, 'mlpclassifier__solver': 'lbfgs'}",1.0,1.0,1.0,0.9473684210526315,0.85,0.9594736842105263,0.0584091974694951,125
117,0.011895036697387696,0.001060307296038484,0.0013727664947509766,6.552086117327861e-05,1e-05,"(1, 4)",100000,lbfgs,"{'mlpclassifier__alpha': 1e-05, 'mlpclassifier__hidden_layer_sizes': (1, 4), 'mlpclassifier__max_iter': 100000, 'mlpclassifier__solver': 'lbfgs'}",1.0,1.0,1.0,0.9473684210526315,0.85,0.9594736842105263,0.0584091974694951,125
170,1.4413049221038818,0.025010944519321947,0.0014853477478027344,0.00014779552141868432,1e-05,"(4, 1)",10000,adam,"{'mlpclassifier__alpha': 1e-05, 'mlpclassifier__hidden_layer_sizes': (4, 1), 'mlpclassifier__max_iter': 10000, 'mlpclassifier__solver': 'adam'}",1.0,0.9473684210526315,0.9473684210526315,1.0,0.9,0.9589473684210527,0.037718890246671403,137
269,1.4508965015411377,0.10694329418549298,0.0016591072082519532,0.0006256258958246151,0.0001,"(4, 1)",100000,adam,"{'mlpclassifier__alpha': 0.0001, 'mlpclassifier__hidden_layer_sizes': (4, 1), 'mlpclassifier__max_iter': 100000, 'mlpclassifier__solver': 'adam'}",1.0,0.9473684210526315,0.9473684210526315,1.0,0.9,0.9589473684210527,0.037718890246671403,137
216,0.03045482635498047,0.012855957492128775,0.0013186931610107422,2.5871217373796738e-05,0.0001,"(2, 1)",10000,lbfgs,"{'mlpclassifier__alpha': 0.0001, 'mlpclassifier__hidden_layer_sizes': (2, 1), 'mlpclassifier__max_iter': 10000, 'mlpclassifier__solver': 'lbfgs'}",0.9473684210526315,1.0,1.0,0.9473684210526315,0.9,0.9589473684210527,0.037718890246671403,137
173,1.3879542827606202,0.030958786916532772,0.0013663768768310547,2.3869498443110423e-05,1e-05,"(4, 1)",100000,adam,"{'mlpclassifier__alpha': 1e-05, 'mlpclassifier__hidden_layer_sizes': (4, 1), 'mlpclassifier__max_iter': 100000, 'mlpclassifier__solver': 'adam'}",1.0,0.9473684210526315,0.9473684210526315,1.0,0.9,0.9589473684210527,0.037718890246671403,137
266,1.4388458251953125,0.07659110141892658,0.0016004085540771485,0.00038505474765643504,0.0001,"(4, 1)",10000,adam,"{'mlpclassifier__alpha': 0.0001, 'mlpclassifier__hidden_layer_sizes': (4, 1), 'mlpclassifier__max_iter': 10000, 'mlpclassifier__solver': 'adam'}",1.0,0.9473684210526315,0.9473684210526315,1.0,0.9,0.9589473684210527,0.037718890246671403,137
234,0.03657135963439941,0.015778156695884265,0.0013312816619873047,2.0775768169694836e-05,0.0001,"(2, 4)",10000,lbfgs,"{'mlpclassifier__alpha': 0.0001, 'mlpclassifier__hidden_layer_sizes': (2, 4), 'mlpclassifier__max_iter': 10000, 'mlpclassifier__solver': 'lbfgs'}",0.9473684210526315,0.9473684210526315,1.0,1.0,0.9,0.9589473684210527,0.037718890246671403,137
77,2.000754404067993,0.12890352017691215,0.004156684875488282,0.002874192692969453,1e-06,"(4, 1)",100000,adam,"{'mlpclassifier__alpha': 1e-06, 'mlpclassifier__hidden_layer_sizes': (4, 1), 'mlpclassifier__max_iter': 100000, 'mlpclassifier__solver': 'adam'}",1.0,0.9473684210526315,0.9473684210526315,1.0,0.9,0.9589473684210527,0.037718890246671403,137
74,1.737337064743042,0.18318560520779142,0.0014716625213623048,0.00010226913189782025,1e-06,"(4, 1)",10000,adam,"{'mlpclassifier__alpha': 1e-06, 'mlpclassifier__hidden_layer_sizes': (4, 1), 'mlpclassifier__max_iter': 10000, 'mlpclassifier__solver': 'adam'}",1.0,0.9473684210526315,0.9473684210526315,1.0,0.9,0.9589473684210527,0.037718890246671403,137
237,0.040065336227416995,0.017124437763597893,0.0013681411743164062,5.546429952408377e-05,0.0001,"(2, 4)",100000,lbfgs,"{'mlpclassifier__alpha': 0.0001, 'mlpclassifier__hidden_layer_sizes': (2, 4), 'mlpclassifier__max_iter': 100000, 'mlpclassifier__solver': 'lbfgs'}",0.9473684210526315,0.9473684210526315,1.0,1.0,0.9,0.9589473684210527,0.037718890246671403,137
219,0.02863345146179199,0.011030027898871643,0.0013038158416748048,3.882538037339722e-05,0.0001,"(2, 1)",100000,lbfgs,"{'mlpclassifier__alpha': 0.0001, 'mlpclassifier__hidden_layer_sizes': (2, 1), 'mlpclassifier__max_iter': 100000, 'mlpclassifier__solver': 'lbfgs'}",0.9473684210526315,1.0,1.0,0.9473684210526315,0.9,0.9589473684210527,0.037718890246671403,137
110,0.8436030864715576,0.0804013798286714,0.001473855972290039,0.0002410810769609131,1e-05,"(1, 3)",10000,adam,"{'mlpclassifier__alpha': 1e-05, 'mlpclassifier__hidden_layer_sizes': (1, 3), 'mlpclassifier__max_iter': 10000, 'mlpclassifier__solver': 'adam'}",1.0,0.9473684210526315,0.9473684210526315,0.9473684210526315,0.95,0.9584210526315788,0.020814442035037063,147
17,0.7482217788696289,0.05793003267214828,0.001377248764038086,0.0001247348587219511,1e-06,"(1, 3)",100000,adam,"{'mlpclassifier__alpha': 1e-06, 'mlpclassifier__hidden_layer_sizes': (1, 3), 'mlpclassifier__max_iter': 100000, 'mlpclassifier__solver': 'adam'}",1.0,0.9473684210526315,0.9473684210526315,0.9473684210526315,0.95,0.9584210526315788,0.020814442035037063,147
14,0.7475439548492432,0.019347379714387974,0.001364755630493164,8.398500799374399e-05,1e-06,"(1, 3)",10000,adam,"{'mlpclassifier__alpha': 1e-06, 'mlpclassifier__hidden_layer_sizes': (1, 3), 'mlpclassifier__max_iter': 10000, 'mlpclassifier__solver': 'adam'}",1.0,0.9473684210526315,0.9473684210526315,0.9473684210526315,0.95,0.9584210526315788,0.020814442035037063,147
209,0.7835291862487793,0.029054708564884634,0.0013991832733154298,7.16443030076283e-05,0.0001,"(1, 3)",100000,adam,"{'mlpclassifier__alpha': 0.0001, 'mlpclassifier__hidden_layer_sizes': (1, 3), 'mlpclassifier__max_iter': 100000, 'mlpclassifier__solver': 'adam'}",1.0,0.9473684210526315,0.9473684210526315,0.9473684210526315,0.95,0.9584210526315788,0.020814442035037063,147
113,0.8472546100616455,0.042011426885486945,0.0013792037963867188,4.4786255818465486e-05,1e-05,"(1, 3)",100000,adam,"{'mlpclassifier__alpha': 1e-05, 'mlpclassifier__hidden_layer_sizes': (1, 3), 'mlpclassifier__max_iter': 100000, 'mlpclassifier__solver': 'adam'}",1.0,0.9473684210526315,0.9473684210526315,0.9473684210526315,0.95,0.9584210526315788,0.020814442035037063,147
206,0.7638933181762695,0.05078775172950977,0.0014218807220458985,0.00016480539374723321,0.0001,"(1, 3)",10000,adam,"{'mlpclassifier__alpha': 0.0001, 'mlpclassifier__hidden_layer_sizes': (1, 3), 'mlpclassifier__max_iter': 10000, 'mlpclassifier__solver': 'adam'}",1.0,0.9473684210526315,0.9473684210526315,0.9473684210526315,0.95,0.9584210526315788,0.020814442035037063,147
274,1.4309590339660645,0.1409821326080551,0.0013517379760742188,4.093518557835684e-05,0.0001,"(4, 2)",100000,sgd,"{'mlpclassifier__alpha': 0.0001, 'mlpclassifier__hidden_layer_sizes': (4, 2), 'mlpclassifier__max_iter': 100000, 'mlpclassifier__solver': 'sgd'}",0.9473684210526315,0.9473684210526315,1.0,1.0,0.85,0.9489473684210525,0.05478742601967624,153
175,1.4393602371215821,0.10829364543362473,0.001359844207763672,1.3654205173368114e-05,1e-05,"(4, 2)",10000,sgd,"{'mlpclassifier__alpha': 1e-05, 'mlpclassifier__hidden_layer_sizes': (4, 2), 'mlpclassifier__max_iter': 10000, 'mlpclassifier__solver': 'sgd'}",0.9473684210526315,0.9473684210526315,1.0,1.0,0.85,0.9489473684210525,0.05478742601967624,153
178,1.4971403121948241,0.0765319539152139,0.0013041496276855469,0.0001821328198201651,1e-05,"(4, 2)",100000,sgd,"{'mlpclassifier__alpha': 1e-05, 'mlpclassifier__hidden_layer_sizes': (4, 2), 'mlpclassifier__max_iter': 100000, 'mlpclassifier__solver': 'sgd'}",0.9473684210526315,0.9473684210526315,1.0,1.0,0.85,0.9489473684210525,0.05478742601967624,153
69,0.01742978096008301,0.0046393245965005315,0.0013320446014404297,2.553773508504273e-05,1e-06,"(3, 4)",100000,lbfgs,"{'mlpclassifier__alpha': 1e-06, 'mlpclassifier__hidden_layer_sizes': (3, 4), 'mlpclassifier__max_iter': 100000, 'mlpclassifier__solver': 'lbfgs'}",0.9473684210526315,0.9473684210526315,1.0,1.0,0.85,0.9489473684210525,0.05478742601967624,153
252,0.01831345558166504,0.0045531510262441545,0.002532482147216797,0.002016553108654509,0.0001,"(3, 3)",10000,lbfgs,"{'mlpclassifier__alpha': 0.0001, 'mlpclassifier__hidden_layer_sizes': (3, 3), 'mlpclassifier__max_iter': 10000, 'mlpclassifier__solver': 'lbfgs'}",1.0,0.9473684210526315,1.0,0.9473684210526315,0.85,0.9489473684210525,0.05478742601967624,153
60,0.013982677459716797,0.0020122068555837066,0.0013204097747802734,2.152559338938734e-05,1e-06,"(3, 3)",10000,lbfgs,"{'mlpclassifier__alpha': 1e-06, 'mlpclassifier__hidden_layer_sizes': (3, 3), 'mlpclassifier__max_iter': 10000, 'mlpclassifier__solver': 'lbfgs'}",1.0,0.9473684210526315,1.0,0.9473684210526315,0.85,0.9489473684210525,0.05478742601967624,153
271,1.4674521923065185,0.08480923252238741,0.001520824432373047,0.0002533002071703546,0.0001,"(4, 2)",10000,sgd,"{'mlpclassifier__alpha': 0.0001, 'mlpclassifier__hidden_layer_sizes': (4, 2), 'mlpclassifier__max_iter': 10000, 'mlpclassifier__solver': 'sgd'}",0.9473684210526315,0.9473684210526315,1.0,1.0,0.85,0.9489473684210525,0.05478742601967624,153
59,1.4565916061401367,0.12073857964980027,0.0013560771942138672,3.228275602145938e-05,1e-06,"(3, 2)",100000,adam,"{'mlpclassifier__alpha': 1e-06, 'mlpclassifier__hidden_layer_sizes': (3, 2), 'mlpclassifier__max_iter': 100000, 'mlpclassifier__solver': 'adam'}",1.0,0.9473684210526315,1.0,0.9473684210526315,0.85,0.9489473684210525,0.05478742601967624,153
255,0.01387333869934082,0.0020456017367560743,0.0013234615325927734,3.951049788968241e-05,0.0001,"(3, 3)",100000,lbfgs,"{'mlpclassifier__alpha': 0.0001, 'mlpclassifier__hidden_layer_sizes': (3, 3), 'mlpclassifier__max_iter': 100000, 'mlpclassifier__solver': 'lbfgs'}",1.0,0.9473684210526315,1.0,0.9473684210526315,0.85,0.9489473684210525,0.05478742601967624,153
39,0.010884237289428712,0.002411614948818877,0.001306629180908203,1.911849433651934e-05,1e-06,"(2, 3)",100000,lbfgs,"{'mlpclassifier__alpha': 1e-06, 'mlpclassifier__hidden_layer_sizes': (2, 3), 'mlpclassifier__max_iter': 100000, 'mlpclassifier__solver': 'lbfgs'}",0.9473684210526315,0.9473684210526315,1.0,1.0,0.85,0.9489473684210525,0.05478742601967624,153
228,0.010786294937133789,0.0023825740086826698,0.001292848587036133,1.093049731249227e-05,0.0001,"(2, 3)",10000,lbfgs,"{'mlpclassifier__alpha': 0.0001, 'mlpclassifier__hidden_layer_sizes': (2, 3), 'mlpclassifier__max_iter': 10000, 'mlpclassifier__solver': 'lbfgs'}",0.9473684210526315,0.9473684210526315,1.0,1.0,0.85,0.9489473684210525,0.05478742601967624,153
231,0.011423635482788085,0.0025732217694351043,0.0013919830322265624,4.651120580379018e-05,0.0001,"(2, 3)",100000,lbfgs,"{'mlpclassifier__alpha': 0.0001, 'mlpclassifier__hidden_layer_sizes': (2, 3), 'mlpclassifier__max_iter': 100000, 'mlpclassifier__solver': 'lbfgs'}",0.9473684210526315,0.9473684210526315,1.0,1.0,0.85,0.9489473684210525,0.05478742601967624,153
36,0.011685419082641601,0.002922381988963113,0.0013577938079833984,2.626849120591285e-05,1e-06,"(2, 3)",10000,lbfgs,"{'mlpclassifier__alpha': 1e-06, 'mlpclassifier__hidden_layer_sizes': (2, 3), 'mlpclassifier__max_iter': 10000, 'mlpclassifier__solver': 'lbfgs'}",0.9473684210526315,0.9473684210526315,1.0,1.0,0.85,0.9489473684210525,0.05478742601967624,153
261,0.019431447982788085,0.005796349998485187,0.001441192626953125,0.0001550287289871868,0.0001,"(3, 4)",100000,lbfgs,"{'mlpclassifier__alpha': 0.0001, 'mlpclassifier__hidden_layer_sizes': (3, 4), 'mlpclassifier__max_iter': 100000, 'mlpclassifier__solver': 'lbfgs'}",0.9473684210526315,0.9473684210526315,1.0,1.0,0.85,0.9489473684210525,0.05478742601967624,153
258,0.017725181579589844,0.004937582366437862,0.00134124755859375,2.4835206349612597e-05,0.0001,"(3, 4)",10000,lbfgs,"{'mlpclassifier__alpha': 0.0001, 'mlpclassifier__hidden_layer_sizes': (3, 4), 'mlpclassifier__max_iter': 10000, 'mlpclassifier__solver': 'lbfgs'}",0.9473684210526315,0.9473684210526315,1.0,1.0,0.85,0.9489473684210525,0.05478742601967624,153
248,1.3796464920043945,0.07293382267387691,0.001353311538696289,3.959310751788544e-05,0.0001,"(3, 2)",10000,adam,"{'mlpclassifier__alpha': 0.0001, 'mlpclassifier__hidden_layer_sizes': (3, 2), 'mlpclassifier__max_iter': 10000, 'mlpclassifier__solver': 'adam'}",1.0,0.9473684210526315,1.0,0.9473684210526315,0.85,0.9489473684210525,0.05478742601967624,153
251,1.3763010501861572,0.10766855166875904,0.0013165950775146484,3.563106438421182e-05,0.0001,"(3, 2)",100000,adam,"{'mlpclassifier__alpha': 0.0001, 'mlpclassifier__hidden_layer_sizes': (3, 2), 'mlpclassifier__max_iter': 100000, 'mlpclassifier__solver': 'adam'}",1.0,0.9473684210526315,1.0,0.9473684210526315,0.85,0.9489473684210525,0.05478742601967624,153
63,0.013688182830810547,0.0018943286600419686,0.0013926029205322266,5.720654954333847e-05,1e-06,"(3, 3)",100000,lbfgs,"{'mlpclassifier__alpha': 1e-06, 'mlpclassifier__hidden_layer_sizes': (3, 3), 'mlpclassifier__max_iter': 100000, 'mlpclassifier__solver': 'lbfgs'}",1.0,0.9473684210526315,1.0,0.9473684210526315,0.85,0.9489473684210525,0.05478742601967624,153
56,1.4027105808258056,0.10100249652477185,0.0017425060272216798,0.0005417025129021071,1e-06,"(3, 2)",10000,adam,"{'mlpclassifier__alpha': 1e-06, 'mlpclassifier__hidden_layer_sizes': (3, 2), 'mlpclassifier__max_iter': 10000, 'mlpclassifier__solver': 'adam'}",1.0,0.9473684210526315,1.0,0.9473684210526315,0.85,0.9489473684210525,0.05478742601967624,153
66,0.0237424373626709,0.007673268289431825,0.001377105712890625,3.24596191388068e-05,1e-06,"(3, 4)",10000,lbfgs,"{'mlpclassifier__alpha': 1e-06, 'mlpclassifier__hidden_layer_sizes': (3, 4), 'mlpclassifier__max_iter': 10000, 'mlpclassifier__solver': 'lbfgs'}",0.9473684210526315,0.9473684210526315,1.0,1.0,0.85,0.9489473684210525,0.05478742601967624,153
155,1.3464312076568603,0.10722051538494143,0.0017717361450195312,0.0008092800738312457,1e-05,"(3, 2)",100000,adam,"{'mlpclassifier__alpha': 1e-05, 'mlpclassifier__hidden_layer_sizes': (3, 2), 'mlpclassifier__max_iter': 100000, 'mlpclassifier__solver': 'adam'}",1.0,0.9473684210526315,1.0,0.9473684210526315,0.85,0.9489473684210525,0.05478742601967624,153
135,0.010744619369506835,0.002366678140657736,0.0012985706329345704,1.9009961199393737e-05,1e-05,"(2, 3)",100000,lbfgs,"{'mlpclassifier__alpha': 1e-05, 'mlpclassifier__hidden_layer_sizes': (2, 3), 'mlpclassifier__max_iter': 100000, 'mlpclassifier__solver': 'lbfgs'}",0.9473684210526315,0.9473684210526315,1.0,1.0,0.85,0.9489473684210525,0.05478742601967624,153
132,0.011092376708984376,0.0022677483182178748,0.0013330936431884765,2.681275311184843e-05,1e-05,"(2, 3)",10000,lbfgs,"{'mlpclassifier__alpha': 1e-05, 'mlpclassifier__hidden_layer_sizes': (2, 3), 'mlpclassifier__max_iter': 10000, 'mlpclassifier__solver': 'lbfgs'}",0.9473684210526315,0.9473684210526315,1.0,1.0,0.85,0.9489473684210525,0.05478742601967624,153
152,1.2815470218658447,0.10473205464566465,0.0014124870300292968,0.00011572579466234898,1e-05,"(3, 2)",10000,adam,"{'mlpclassifier__alpha': 1e-05, 'mlpclassifier__hidden_layer_sizes': (3, 2), 'mlpclassifier__max_iter': 10000, 'mlpclassifier__solver': 'adam'}",1.0,0.9473684210526315,1.0,0.9473684210526315,0.85,0.9489473684210525,0.05478742601967624,153
165,0.018911409378051757,0.0055487391636051524,0.0013504505157470703,9.111700578220099e-05,1e-05,"(3, 4)",100000,lbfgs,"{'mlpclassifier__alpha': 1e-05, 'mlpclassifier__hidden_layer_sizes': (3, 4), 'mlpclassifier__max_iter': 100000, 'mlpclassifier__solver': 'lbfgs'}",0.9473684210526315,0.9473684210526315,1.0,1.0,0.85,0.9489473684210525,0.05478742601967624,153
79,1.9370362758636475,0.2158467252303036,0.002021503448486328,0.000778316352683957,1e-06,"(4, 2)",10000,sgd,"{'mlpclassifier__alpha': 1e-06, 'mlpclassifier__hidden_layer_sizes': (4, 2), 'mlpclassifier__max_iter': 10000, 'mlpclassifier__solver': 'sgd'}",0.9473684210526315,0.9473684210526315,1.0,1.0,0.85,0.9489473684210525,0.05478742601967624,153
162,0.018749141693115236,0.006242983617736922,0.0013457775115966798,4.534257550190301e-05,1e-05,"(3, 4)",10000,lbfgs,"{'mlpclassifier__alpha': 1e-05, 'mlpclassifier__hidden_layer_sizes': (3, 4), 'mlpclassifier__max_iter': 10000, 'mlpclassifier__solver': 'lbfgs'}",0.9473684210526315,0.9473684210526315,1.0,1.0,0.85,0.9489473684210525,0.05478742601967624,153
82,1.6622537136077882,0.17606915693885436,0.0013027667999267578,0.0002635968318004166,1e-06,"(4, 2)",100000,sgd,"{'mlpclassifier__alpha': 1e-06, 'mlpclassifier__hidden_layer_sizes': (4, 2), 'mlpclassifier__max_iter': 100000, 'mlpclassifier__solver': 'sgd'}",0.9473684210526315,0.9473684210526315,1.0,1.0,0.85,0.9489473684210525,0.05478742601967624,153
159,0.013476133346557617,0.0018737286188936803,0.0013109683990478516,1.0574179809137151e-05,1e-05,"(3, 3)",100000,lbfgs,"{'mlpclassifier__alpha': 1e-05, 'mlpclassifier__hidden_layer_sizes': (3, 3), 'mlpclassifier__max_iter': 100000, 'mlpclassifier__solver': 'lbfgs'}",1.0,0.9473684210526315,1.0,0.9473684210526315,0.85,0.9489473684210525,0.05478742601967624,153
156,0.01615147590637207,0.0025023394375253915,0.001395845413208008,8.979219731637291e-05,1e-05,"(3, 3)",10000,lbfgs,"{'mlpclassifier__alpha': 1e-05, 'mlpclassifier__hidden_layer_sizes': (3, 3), 'mlpclassifier__max_iter': 10000, 'mlpclassifier__solver': 'lbfgs'}",1.0,0.9473684210526315,1.0,0.9473684210526315,0.85,0.9489473684210525,0.05478742601967624,153
91,1.197336530685425,0.12283663334634874,0.0016214847564697266,0.0004089816767113881,1e-06,"(4, 4)",10000,sgd,"{'mlpclassifier__alpha': 1e-06, 'mlpclassifier__hidden_layer_sizes': (4, 4), 'mlpclassifier__max_iter': 10000, 'mlpclassifier__solver': 'sgd'}",0.9473684210526315,0.9473684210526315,1.0,0.9473684210526315,0.9,0.9484210526315788,0.031649045007100855,183
283,0.9814336776733399,0.08623806545011131,0.0014160633087158202,6.42440705362454e-05,0.0001,"(4, 4)",10000,sgd,"{'mlpclassifier__alpha': 0.0001, 'mlpclassifier__hidden_layer_sizes': (4, 4), 'mlpclassifier__max_iter': 10000, 'mlpclassifier__solver': 'sgd'}",0.9473684210526315,0.9473684210526315,1.0,0.9473684210526315,0.9,0.9484210526315788,0.031649045007100855,183
94,1.1878457546234131,0.11409557736568848,0.002070188522338867,0.0014267369939750766,1e-06,"(4, 4)",100000,sgd,"{'mlpclassifier__alpha': 1e-06, 'mlpclassifier__hidden_layer_sizes': (4, 4), 'mlpclassifier__max_iter': 100000, 'mlpclassifier__solver': 'sgd'}",0.9473684210526315,0.9473684210526315,1.0,0.9473684210526315,0.9,0.9484210526315788,0.031649045007100855,183
190,1.044624423980713,0.03578333829179157,0.001373624801635742,1.5984076581039712e-05,1e-05,"(4, 4)",100000,sgd,"{'mlpclassifier__alpha': 1e-05, 'mlpclassifier__hidden_layer_sizes': (4, 4), 'mlpclassifier__max_iter': 100000, 'mlpclassifier__solver': 'sgd'}",0.9473684210526315,0.9473684210526315,1.0,0.9473684210526315,0.9,0.9484210526315788,0.031649045007100855,183
187,1.0193316459655761,0.07996246198488693,0.0018373966217041016,0.0009684441371779633,1e-05,"(4, 4)",10000,sgd,"{'mlpclassifier__alpha': 1e-05, 'mlpclassifier__hidden_layer_sizes': (4, 4), 'mlpclassifier__max_iter': 10000, 'mlpclassifier__solver': 'sgd'}",0.9473684210526315,0.9473684210526315,1.0,0.9473684210526315,0.9,0.9484210526315788,0.031649045007100855,183
286,0.992400074005127,0.044471759945277856,0.0012618541717529298,0.00018930372723301013,0.0001,"(4, 4)",100000,sgd,"{'mlpclassifier__alpha': 0.0001, 'mlpclassifier__hidden_layer_sizes': (4, 4), 'mlpclassifier__max_iter': 100000, 'mlpclassifier__solver': 'sgd'}",0.9473684210526315,0.9473684210526315,1.0,0.9473684210526315,0.9,0.9484210526315788,0.031649045007100855,183
241,2.011690378189087,0.1894399661584924,0.00128173828125,0.00013729954441202679,0.0001,"(3, 1)",10000,sgd,"{'mlpclassifier__alpha': 0.0001, 'mlpclassifier__hidden_layer_sizes': (3, 1), 'mlpclassifier__max_iter': 10000, 'mlpclassifier__solver': 'sgd'}",0.9473684210526315,0.9473684210526315,0.9473684210526315,0.9473684210526315,0.95,0.9478947368421051,0.0010526315789473716,189
52,1.9071887016296387,0.1447863747756903,0.001360321044921875,2.839267989001675e-05,1e-06,"(3, 1)",100000,sgd,"{'mlpclassifier__alpha': 1e-06, 'mlpclassifier__hidden_layer_sizes': (3, 1), 'mlpclassifier__max_iter': 100000, 'mlpclassifier__solver': 'sgd'}",0.9473684210526315,0.9473684210526315,0.9473684210526315,0.9473684210526315,0.95,0.9478947368421051,0.0010526315789473716,189
144,0.018983078002929688,0.004325220701151945,0.0013968944549560547,7.070194325394719e-05,1e-05,"(3, 1)",10000,lbfgs,"{'mlpclassifier__alpha': 1e-05, 'mlpclassifier__hidden_layer_sizes': (3, 1), 'mlpclassifier__max_iter': 10000, 'mlpclassifier__solver': 'lbfgs'}",1.0,0.9473684210526315,0.9473684210526315,0.8947368421052632,0.95,0.9478947368421051,0.03330377267275026,189
49,1.7913575649261475,0.14405725809218548,0.0013722419738769532,4.972398806602536e-05,1e-06,"(3, 1)",10000,sgd,"{'mlpclassifier__alpha': 1e-06, 'mlpclassifier__hidden_layer_sizes': (3, 1), 'mlpclassifier__max_iter': 10000, 'mlpclassifier__solver': 'sgd'}",0.9473684210526315,0.9473684210526315,0.9473684210526315,0.9473684210526315,0.95,0.9478947368421051,0.0010526315789473716,189
48,0.018173789978027342,0.003689544557830923,0.0012939929962158202,1.1771795115258854e-05,1e-06,"(3, 1)",10000,lbfgs,"{'mlpclassifier__alpha': 1e-06, 'mlpclassifier__hidden_layer_sizes': (3, 1), 'mlpclassifier__max_iter': 10000, 'mlpclassifier__solver': 'lbfgs'}",1.0,0.9473684210526315,0.9473684210526315,0.8947368421052632,0.95,0.9478947368421051,0.03330377267275026,189
147,0.01988353729248047,0.006050947088258872,0.0013381481170654298,1.5431116464620413e-05,1e-05,"(3, 1)",100000,lbfgs,"{'mlpclassifier__alpha': 1e-05, 'mlpclassifier__hidden_layer_sizes': (3, 1), 'mlpclassifier__max_iter': 100000, 'mlpclassifier__solver': 'lbfgs'}",1.0,0.9473684210526315,0.9473684210526315,0.8947368421052632,0.95,0.9478947368421051,0.03330377267275026,189
148,1.72436466217041,0.1495427854098497,0.0014387130737304687,0.00018463499286300439,1e-05,"(3, 1)",100000,sgd,"{'mlpclassifier__alpha': 1e-05, 'mlpclassifier__hidden_layer_sizes': (3, 1), 'mlpclassifier__max_iter': 100000, 'mlpclassifier__solver': 'sgd'}",0.9473684210526315,0.9473684210526315,0.9473684210526315,0.9473684210526315,0.95,0.9478947368421051,0.0010526315789473716,189
240,0.01991887092590332,0.005442145620920229,0.0015309810638427734,0.0002464023245218455,0.0001,"(3, 1)",10000,lbfgs,"{'mlpclassifier__alpha': 0.0001, 'mlpclassifier__hidden_layer_sizes': (3, 1), 'mlpclassifier__max_iter': 10000, 'mlpclassifier__solver': 'lbfgs'}",1.0,0.9473684210526315,0.9473684210526315,0.8947368421052632,0.95,0.9478947368421051,0.03330377267275026,189
51,0.02272491455078125,0.006533225111372981,0.0015012741088867188,0.00030430977852563486,1e-06,"(3, 1)",100000,lbfgs,"{'mlpclassifier__alpha': 1e-06, 'mlpclassifier__hidden_layer_sizes': (3, 1), 'mlpclassifier__max_iter': 100000, 'mlpclassifier__solver': 'lbfgs'}",1.0,0.9473684210526315,0.9473684210526315,0.8947368421052632,0.95,0.9478947368421051,0.03330377267275026,189
75,0.06066122055053711,0.03391736338763761,0.001924896240234375,0.000775982625076759,1e-06,"(4, 1)",100000,lbfgs,"{'mlpclassifier__alpha': 1e-06, 'mlpclassifier__hidden_layer_sizes': (4, 1), 'mlpclassifier__max_iter': 100000, 'mlpclassifier__solver': 'lbfgs'}",0.9473684210526315,0.8421052631578947,1.0,1.0,0.95,0.9478947368421051,0.05766461442022039,189
72,0.0448246955871582,0.02205664790086681,0.004098272323608399,0.005624826705637892,1e-06,"(4, 1)",10000,lbfgs,"{'mlpclassifier__alpha': 1e-06, 'mlpclassifier__hidden_layer_sizes': (4, 1), 'mlpclassifier__max_iter': 10000, 'mlpclassifier__solver': 'lbfgs'}",0.9473684210526315,0.8421052631578947,1.0,1.0,0.95,0.9478947368421051,0.05766461442022039,189
244,1.7640588760375977,0.10875626143868085,0.0016738414764404298,0.000622265669540486,0.0001,"(3, 1)",100000,sgd,"{'mlpclassifier__alpha': 0.0001, 'mlpclassifier__hidden_layer_sizes': (3, 1), 'mlpclassifier__max_iter': 100000, 'mlpclassifier__solver': 'sgd'}",0.9473684210526315,0.9473684210526315,0.9473684210526315,0.9473684210526315,0.95,0.9478947368421051,0.0010526315789473716,189
243,0.019056320190429688,0.003958756131832762,0.0013476371765136718,3.8956924628798966e-05,0.0001,"(3, 1)",100000,lbfgs,"{'mlpclassifier__alpha': 0.0001, 'mlpclassifier__hidden_layer_sizes': (3, 1), 'mlpclassifier__max_iter': 100000, 'mlpclassifier__solver': 'lbfgs'}",1.0,0.9473684210526315,0.9473684210526315,0.8947368421052632,0.95,0.9478947368421051,0.03330377267275026,189
145,1.706165647506714,0.08839438483202293,0.0013798713684082032,5.156120251868621e-05,1e-05,"(3, 1)",10000,sgd,"{'mlpclassifier__alpha': 1e-05, 'mlpclassifier__hidden_layer_sizes': (3, 1), 'mlpclassifier__max_iter': 10000, 'mlpclassifier__solver': 'sgd'}",0.9473684210526315,0.9473684210526315,0.9473684210526315,0.9473684210526315,0.95,0.9478947368421051,0.0010526315789473716,189
45,0.04287080764770508,0.023380395364447235,0.0013850212097167968,4.4449152668818045e-05,1e-06,"(2, 4)",100000,lbfgs,"{'mlpclassifier__alpha': 1e-06, 'mlpclassifier__hidden_layer_sizes': (2, 4), 'mlpclassifier__max_iter': 100000, 'mlpclassifier__solver': 'lbfgs'}",0.9473684210526315,0.9473684210526315,1.0,1.0,0.8,0.9389473684210525,0.07335263743235512,203
42,0.03815517425537109,0.017445555546553547,0.0013051509857177734,2.5298177389232668e-05,1e-06,"(2, 4)",10000,lbfgs,"{'mlpclassifier__alpha': 1e-06, 'mlpclassifier__hidden_layer_sizes': (2, 4), 'mlpclassifier__max_iter': 10000, 'mlpclassifier__solver': 'lbfgs'}",0.9473684210526315,0.9473684210526315,1.0,1.0,0.8,0.9389473684210525,0.07335263743235512,203
245,2.5359652519226072,0.08761865870146746,0.001425457000732422,7.625018295214594e-05,0.0001,"(3, 1)",100000,adam,"{'mlpclassifier__alpha': 0.0001, 'mlpclassifier__hidden_layer_sizes': (3, 1), 'mlpclassifier__max_iter': 100000, 'mlpclassifier__solver': 'adam'}",0.9473684210526315,0.9473684210526315,0.9473684210526315,1.0,0.85,0.9384210526315788,0.048683499283567064,205
242,2.48941855430603,0.16016305361263802,0.0022892475128173826,0.00116181949850462,0.0001,"(3, 1)",10000,adam,"{'mlpclassifier__alpha': 0.0001, 'mlpclassifier__hidden_layer_sizes': (3, 1), 'mlpclassifier__max_iter': 10000, 'mlpclassifier__solver': 'adam'}",0.9473684210526315,0.9473684210526315,0.9473684210526315,1.0,0.85,0.9384210526315788,0.048683499283567064,205
50,2.5841955661773683,0.09491333453160061,0.0014022350311279296,5.640312422538762e-05,1e-06,"(3, 1)",10000,adam,"{'mlpclassifier__alpha': 1e-06, 'mlpclassifier__hidden_layer_sizes': (3, 1), 'mlpclassifier__max_iter': 10000, 'mlpclassifier__solver': 'adam'}",0.9473684210526315,0.9473684210526315,0.9473684210526315,1.0,0.85,0.9384210526315788,0.048683499283567064,205
246,0.023853302001953125,0.005458879724694607,0.006204414367675781,0.00847452605416806,0.0001,"(3, 2)",10000,lbfgs,"{'mlpclassifier__alpha': 0.0001, 'mlpclassifier__hidden_layer_sizes': (3, 2), 'mlpclassifier__max_iter': 10000, 'mlpclassifier__solver': 'lbfgs'}",0.9473684210526315,0.9473684210526315,0.9473684210526315,1.0,0.85,0.9384210526315788,0.048683499283567064,205
249,0.030312871932983397,0.01904454644335261,0.0026854515075683595,0.0026106787973301667,0.0001,"(3, 2)",100000,lbfgs,"{'mlpclassifier__alpha': 0.0001, 'mlpclassifier__hidden_layer_sizes': (3, 2), 'mlpclassifier__max_iter': 100000, 'mlpclassifier__solver': 'lbfgs'}",0.9473684210526315,0.9473684210526315,0.9473684210526315,1.0,0.85,0.9384210526315788,0.048683499283567064,205
149,2.2979624271392822,0.0712076580508083,0.0013697147369384766,4.2440114365905133e-05,1e-05,"(3, 1)",100000,adam,"{'mlpclassifier__alpha': 1e-05, 'mlpclassifier__hidden_layer_sizes': (3, 1), 'mlpclassifier__max_iter': 100000, 'mlpclassifier__solver': 'adam'}",0.9473684210526315,0.9473684210526315,0.9473684210526315,1.0,0.85,0.9384210526315788,0.048683499283567064,205
53,2.54396333694458,0.15789057041241586,0.0013655662536621095,1.7945555966611238e-05,1e-06,"(3, 1)",100000,adam,"{'mlpclassifier__alpha': 1e-06, 'mlpclassifier__hidden_layer_sizes': (3, 1), 'mlpclassifier__max_iter': 100000, 'mlpclassifier__solver': 'adam'}",0.9473684210526315,0.9473684210526315,0.9473684210526315,1.0,0.85,0.9384210526315788,0.048683499283567064,205
146,2.332956075668335,0.14983199989882282,0.0013400077819824218,3.366571646400625e-05,1e-05,"(3, 1)",10000,adam,"{'mlpclassifier__alpha': 1e-05, 'mlpclassifier__hidden_layer_sizes': (3, 1), 'mlpclassifier__max_iter': 10000, 'mlpclassifier__solver': 'adam'}",0.9473684210526315,0.9473684210526315,0.9473684210526315,1.0,0.85,0.9384210526315788,0.048683499283567064,205
38,0.5289671897888184,0.036769670321215565,0.001523303985595703,0.00040210768593134587,1e-06,"(2, 3)",10000,adam,"{'mlpclassifier__alpha': 1e-06, 'mlpclassifier__hidden_layer_sizes': (2, 3), 'mlpclassifier__max_iter': 10000, 'mlpclassifier__solver': 'adam'}",0.9473684210526315,0.9473684210526315,0.9473684210526315,0.9473684210526315,0.9,0.9378947368421052,0.0189473684210526,213
233,0.550578498840332,0.05572167497650125,0.0013869285583496093,4.5595058360441134e-05,0.0001,"(2, 3)",100000,adam,"{'mlpclassifier__alpha': 0.0001, 'mlpclassifier__hidden_layer_sizes': (2, 3), 'mlpclassifier__max_iter': 100000, 'mlpclassifier__solver': 'adam'}",0.9473684210526315,0.9473684210526315,0.9473684210526315,0.9473684210526315,0.9,0.9378947368421052,0.0189473684210526,213
89,0.8819196701049805,0.11685655930712414,0.001713705062866211,0.0006507192902564964,1e-06,"(4, 3)",100000,adam,"{'mlpclassifier__alpha': 1e-06, 'mlpclassifier__hidden_layer_sizes': (4, 3), 'mlpclassifier__max_iter': 100000, 'mlpclassifier__solver': 'adam'}",0.9473684210526315,0.9473684210526315,0.9473684210526315,0.9473684210526315,0.9,0.9378947368421052,0.0189473684210526,213
41,0.5343054294586181,0.0424966299610848,0.0013591289520263673,4.021594952065954e-05,1e-06,"(2, 3)",100000,adam,"{'mlpclassifier__alpha': 1e-06, 'mlpclassifier__hidden_layer_sizes': (2, 3), 'mlpclassifier__max_iter': 100000, 'mlpclassifier__solver': 'adam'}",0.9473684210526315,0.9473684210526315,0.9473684210526315,0.9473684210526315,0.9,0.9378947368421052,0.0189473684210526,213
278,0.66615309715271,0.05769927047011586,0.0016333580017089844,0.0005636876651595944,0.0001,"(4, 3)",10000,adam,"{'mlpclassifier__alpha': 0.0001, 'mlpclassifier__hidden_layer_sizes': (4, 3), 'mlpclassifier__max_iter': 10000, 'mlpclassifier__solver': 'adam'}",0.9473684210526315,0.9473684210526315,0.9473684210526315,0.9473684210526315,0.9,0.9378947368421052,0.0189473684210526,213
137,0.5565573215484619,0.05787589841318761,0.0014955997467041016,0.0002647120157984495,1e-05,"(2, 3)",100000,adam,"{'mlpclassifier__alpha': 1e-05, 'mlpclassifier__hidden_layer_sizes': (2, 3), 'mlpclassifier__max_iter': 100000, 'mlpclassifier__solver': 'adam'}",0.9473684210526315,0.9473684210526315,0.9473684210526315,0.9473684210526315,0.9,0.9378947368421052,0.0189473684210526,213
281,0.6295641899108887,0.0351053025839244,0.0013393402099609376,1.2005127151198652e-05,0.0001,"(4, 3)",100000,adam,"{'mlpclassifier__alpha': 0.0001, 'mlpclassifier__hidden_layer_sizes': (4, 3), 'mlpclassifier__max_iter': 100000, 'mlpclassifier__solver': 'adam'}",0.9473684210526315,0.9473684210526315,0.9473684210526315,0.9473684210526315,0.9,0.9378947368421052,0.0189473684210526,213
85,1.0855638027191161,0.11523493233706464,0.0014850139617919923,0.0002251533266496326,1e-06,"(4, 3)",10000,sgd,"{'mlpclassifier__alpha': 1e-06, 'mlpclassifier__hidden_layer_sizes': (4, 3), 'mlpclassifier__max_iter': 10000, 'mlpclassifier__solver': 'sgd'}",0.9473684210526315,0.9473684210526315,0.9473684210526315,0.9473684210526315,0.9,0.9378947368421052,0.0189473684210526,213
185,0.6594030857086182,0.030054125120728366,0.0013854026794433594,6.690203758791346e-05,1e-05,"(4, 3)",100000,adam,"{'mlpclassifier__alpha': 1e-05, 'mlpclassifier__hidden_layer_sizes': (4, 3), 'mlpclassifier__max_iter': 100000, 'mlpclassifier__solver': 'adam'}",0.9473684210526315,0.9473684210526315,0.9473684210526315,0.9473684210526315,0.9,0.9378947368421052,0.0189473684210526,213
184,0.91651291847229,0.06617708537920568,0.0013824462890625,4.192496992326754e-05,1e-05,"(4, 3)",100000,sgd,"{'mlpclassifier__alpha': 1e-05, 'mlpclassifier__hidden_layer_sizes': (4, 3), 'mlpclassifier__max_iter': 100000, 'mlpclassifier__solver': 'sgd'}",0.9473684210526315,0.9473684210526315,0.9473684210526315,0.9473684210526315,0.9,0.9378947368421052,0.0189473684210526,213
182,0.7159634113311768,0.04580059158546711,0.0014272689819335937,4.799564379265059e-05,1e-05,"(4, 3)",10000,adam,"{'mlpclassifier__alpha': 1e-05, 'mlpclassifier__hidden_layer_sizes': (4, 3), 'mlpclassifier__max_iter': 10000, 'mlpclassifier__solver': 'adam'}",0.9473684210526315,0.9473684210526315,0.9473684210526315,0.9473684210526315,0.9,0.9378947368421052,0.0189473684210526,213
88,1.076807928085327,0.14017841160862038,0.001550436019897461,0.0002813464097307095,1e-06,"(4, 3)",100000,sgd,"{'mlpclassifier__alpha': 1e-06, 'mlpclassifier__hidden_layer_sizes': (4, 3), 'mlpclassifier__max_iter': 100000, 'mlpclassifier__solver': 'sgd'}",0.9473684210526315,0.9473684210526315,0.9473684210526315,0.9473684210526315,0.9,0.9378947368421052,0.0189473684210526,213
181,0.8622964859008789,0.04952592518054438,0.001239013671875,0.00020152587044194978,1e-05,"(4, 3)",10000,sgd,"{'mlpclassifier__alpha': 1e-05, 'mlpclassifier__hidden_layer_sizes': (4, 3), 'mlpclassifier__max_iter': 10000, 'mlpclassifier__solver': 'sgd'}",0.9473684210526315,0.9473684210526315,0.9473684210526315,0.9473684210526315,0.9,0.9378947368421052,0.0189473684210526,213
277,0.8636875152587891,0.06215021878753449,0.0015587329864501954,0.0004160024603765897,0.0001,"(4, 3)",10000,sgd,"{'mlpclassifier__alpha': 0.0001, 'mlpclassifier__hidden_layer_sizes': (4, 3), 'mlpclassifier__max_iter': 10000, 'mlpclassifier__solver': 'sgd'}",0.9473684210526315,0.9473684210526315,0.9473684210526315,0.9473684210526315,0.9,0.9378947368421052,0.0189473684210526,213
86,0.8840424537658691,0.09854678697904767,0.0016383647918701172,0.00028963402221061105,1e-06,"(4, 3)",10000,adam,"{'mlpclassifier__alpha': 1e-06, 'mlpclassifier__hidden_layer_sizes': (4, 3), 'mlpclassifier__max_iter': 10000, 'mlpclassifier__solver': 'adam'}",0.9473684210526315,0.9473684210526315,0.9473684210526315,0.9473684210526315,0.9,0.9378947368421052,0.0189473684210526,213
280,0.8892743110656738,0.039181285026194314,0.0013425350189208984,2.854578389278275e-05,0.0001,"(4, 3)",100000,sgd,"{'mlpclassifier__alpha': 0.0001, 'mlpclassifier__hidden_layer_sizes': (4, 3), 'mlpclassifier__max_iter': 100000, 'mlpclassifier__solver': 'sgd'}",0.9473684210526315,0.9473684210526315,0.9473684210526315,0.9473684210526315,0.9,0.9378947368421052,0.0189473684210526,213
134,0.5978617191314697,0.05699442934571372,0.0015584945678710938,0.0002493676622090536,1e-05,"(2, 3)",10000,adam,"{'mlpclassifier__alpha': 1e-05, 'mlpclassifier__hidden_layer_sizes': (2, 3), 'mlpclassifier__max_iter': 10000, 'mlpclassifier__solver': 'adam'}",0.9473684210526315,0.9473684210526315,0.9473684210526315,0.9473684210526315,0.9,0.9378947368421052,0.0189473684210526,213
230,0.5394775390625,0.0234642501024972,0.0013695240020751953,5.413191849412069e-05,0.0001,"(2, 3)",10000,adam,"{'mlpclassifier__alpha': 0.0001, 'mlpclassifier__hidden_layer_sizes': (2, 3), 'mlpclassifier__max_iter': 10000, 'mlpclassifier__solver': 'adam'}",0.9473684210526315,0.9473684210526315,0.9473684210526315,0.9473684210526315,0.9,0.9378947368421052,0.0189473684210526,213
168,0.030394887924194335,0.013522129880233824,0.0013669967651367188,4.462711805200731e-05,1e-05,"(4, 1)",10000,lbfgs,"{'mlpclassifier__alpha': 1e-05, 'mlpclassifier__hidden_layer_sizes': (4, 1), 'mlpclassifier__max_iter': 10000, 'mlpclassifier__solver': 'lbfgs'}",0.9473684210526315,0.8421052631578947,0.9473684210526315,1.0,0.95,0.9373684210526315,0.05168624714606703,231
264,0.03353281021118164,0.010119824632412665,0.002053070068359375,0.0012381360074466146,0.0001,"(4, 1)",10000,lbfgs,"{'mlpclassifier__alpha': 0.0001, 'mlpclassifier__hidden_layer_sizes': (4, 1), 'mlpclassifier__max_iter': 10000, 'mlpclassifier__solver': 'lbfgs'}",0.9473684210526315,0.8421052631578947,0.9473684210526315,1.0,0.95,0.9373684210526315,0.05168624714606703,231
267,0.03537321090698242,0.010338074761075266,0.0014372825622558593,9.160569268628295e-05,0.0001,"(4, 1)",100000,lbfgs,"{'mlpclassifier__alpha': 0.0001, 'mlpclassifier__hidden_layer_sizes': (4, 1), 'mlpclassifier__max_iter': 100000, 'mlpclassifier__solver': 'lbfgs'}",0.9473684210526315,0.8421052631578947,0.9473684210526315,1.0,0.95,0.9373684210526315,0.05168624714606703,231
171,0.027892303466796876,0.011093375772348348,0.0013409137725830078,2.342207423967621e-05,1e-05,"(4, 1)",100000,lbfgs,"{'mlpclassifier__alpha': 1e-05, 'mlpclassifier__hidden_layer_sizes': (4, 1), 'mlpclassifier__max_iter': 100000, 'mlpclassifier__solver': 'lbfgs'}",0.9473684210526315,0.8421052631578947,0.9473684210526315,1.0,0.95,0.9373684210526315,0.05168624714606703,231
141,0.031946420669555664,0.0115474081759223,0.0013721942901611327,5.8542438046056496e-05,1e-05,"(2, 4)",100000,lbfgs,"{'mlpclassifier__alpha': 1e-05, 'mlpclassifier__hidden_layer_sizes': (2, 4), 'mlpclassifier__max_iter': 100000, 'mlpclassifier__solver': 'lbfgs'}",0.8947368421052632,0.9473684210526315,1.0,1.0,0.8,0.9284210526315789,0.0751434454634726,235
138,0.03179235458374023,0.011630946358889501,0.0012897968292236329,0.00013231061763470687,1e-05,"(2, 4)",10000,lbfgs,"{'mlpclassifier__alpha': 1e-05, 'mlpclassifier__hidden_layer_sizes': (2, 4), 'mlpclassifier__max_iter': 10000, 'mlpclassifier__solver': 'lbfgs'}",0.8947368421052632,0.9473684210526315,1.0,1.0,0.8,0.9284210526315789,0.0751434454634726,235
54,0.020861101150512696,0.0026342133013644523,0.0016387462615966796,0.00035474241336655687,1e-06,"(3, 2)",10000,lbfgs,"{'mlpclassifier__alpha': 1e-06, 'mlpclassifier__hidden_layer_sizes': (3, 2), 'mlpclassifier__max_iter': 10000, 'mlpclassifier__solver': 'lbfgs'}",0.9473684210526315,0.9473684210526315,0.9473684210526315,0.9473684210526315,0.85,0.9278947368421052,0.03894736842105262,237
57,0.019652128219604492,0.001561925753027172,0.0013674259185791015,6.086609194387085e-05,1e-06,"(3, 2)",100000,lbfgs,"{'mlpclassifier__alpha': 1e-06, 'mlpclassifier__hidden_layer_sizes': (3, 2), 'mlpclassifier__max_iter': 100000, 'mlpclassifier__solver': 'lbfgs'}",0.9473684210526315,0.9473684210526315,0.9473684210526315,0.9473684210526315,0.85,0.9278947368421052,0.03894736842105262,237
150,0.019525146484375,0.0020625736081509418,0.0013896465301513673,7.394429907216719e-05,1e-05,"(3, 2)",10000,lbfgs,"{'mlpclassifier__alpha': 1e-05, 'mlpclassifier__hidden_layer_sizes': (3, 2), 'mlpclassifier__max_iter': 10000, 'mlpclassifier__solver': 'lbfgs'}",0.9473684210526315,0.9473684210526315,0.9473684210526315,0.9473684210526315,0.85,0.9278947368421052,0.03894736842105262,237
153,0.019831275939941405,0.0021083054281030096,0.0013328075408935546,2.827222158940036e-05,1e-05,"(3, 2)",100000,lbfgs,"{'mlpclassifier__alpha': 1e-05, 'mlpclassifier__hidden_layer_sizes': (3, 2), 'mlpclassifier__max_iter': 100000, 'mlpclassifier__solver': 'lbfgs'}",0.9473684210526315,0.9473684210526315,0.9473684210526315,0.9473684210526315,0.85,0.9278947368421052,0.03894736842105262,237
232,0.6053454399108886,0.03792516156358816,0.0013564109802246093,1.9275902520733062e-05,0.0001,"(2, 3)",100000,sgd,"{'mlpclassifier__alpha': 0.0001, 'mlpclassifier__hidden_layer_sizes': (2, 3), 'mlpclassifier__max_iter': 100000, 'mlpclassifier__solver': 'sgd'}",0.8421052631578947,0.9473684210526315,0.9473684210526315,0.9473684210526315,0.9,0.9168421052631578,0.04162888407007407,241
40,0.5523555755615235,0.05165206052484542,0.0013484954833984375,1.992757195851027e-05,1e-06,"(2, 3)",100000,sgd,"{'mlpclassifier__alpha': 1e-06, 'mlpclassifier__hidden_layer_sizes': (2, 3), 'mlpclassifier__max_iter': 100000, 'mlpclassifier__solver': 'sgd'}",0.8421052631578947,0.9473684210526315,0.9473684210526315,0.9473684210526315,0.9,0.9168421052631578,0.04162888407007407,241
37,0.5456975936889649,0.04282659023880827,0.0013880252838134766,0.00015096241203443533,1e-06,"(2, 3)",10000,sgd,"{'mlpclassifier__alpha': 1e-06, 'mlpclassifier__hidden_layer_sizes': (2, 3), 'mlpclassifier__max_iter': 10000, 'mlpclassifier__solver': 'sgd'}",0.8421052631578947,0.9473684210526315,0.9473684210526315,0.9473684210526315,0.9,0.9168421052631578,0.04162888407007407,241
133,0.5538072109222412,0.05611530566712288,0.0013615608215332032,1.6136129978934316e-05,1e-05,"(2, 3)",10000,sgd,"{'mlpclassifier__alpha': 1e-05, 'mlpclassifier__hidden_layer_sizes': (2, 3), 'mlpclassifier__max_iter': 10000, 'mlpclassifier__solver': 'sgd'}",0.8421052631578947,0.9473684210526315,0.9473684210526315,0.9473684210526315,0.9,0.9168421052631578,0.04162888407007407,241
136,0.5540069103240967,0.05176374407617118,0.001352834701538086,0.00010725703311889399,1e-05,"(2, 3)",100000,sgd,"{'mlpclassifier__alpha': 1e-05, 'mlpclassifier__hidden_layer_sizes': (2, 3), 'mlpclassifier__max_iter': 100000, 'mlpclassifier__solver': 'sgd'}",0.8421052631578947,0.9473684210526315,0.9473684210526315,0.9473684210526315,0.9,0.9168421052631578,0.04162888407007407,241
229,0.5958630084991455,0.08589022863831704,0.0013509273529052734,2.7428044726492908e-05,0.0001,"(2, 3)",10000,sgd,"{'mlpclassifier__alpha': 0.0001, 'mlpclassifier__hidden_layer_sizes': (2, 3), 'mlpclassifier__max_iter': 10000, 'mlpclassifier__solver': 'sgd'}",0.8421052631578947,0.9473684210526315,0.9473684210526315,0.9473684210526315,0.9,0.9168421052631578,0.04162888407007407,241
26,0.7748782634735107,0.45934505091185623,0.0013323307037353515,2.5008915689983764e-05,1e-06,"(2, 1)",10000,adam,"{'mlpclassifier__alpha': 1e-06, 'mlpclassifier__hidden_layer_sizes': (2, 1), 'mlpclassifier__max_iter': 10000, 'mlpclassifier__solver': 'adam'}",0.9473684210526315,0.9473684210526315,1.0,0.0,0.0,0.5789473684210525,0.47309905377356276,247
122,0.8200499057769776,0.4742125512757507,0.0014110088348388671,0.00010164714337106584,1e-05,"(2, 1)",10000,adam,"{'mlpclassifier__alpha': 1e-05, 'mlpclassifier__hidden_layer_sizes': (2, 1), 'mlpclassifier__max_iter': 10000, 'mlpclassifier__solver': 'adam'}",0.9473684210526315,0.9473684210526315,1.0,0.0,0.0,0.5789473684210525,0.47309905377356276,247
29,0.7876591682434082,0.4709554121267158,0.0013459682464599609,1.5221191816991065e-05,1e-06,"(2, 1)",100000,adam,"{'mlpclassifier__alpha': 1e-06, 'mlpclassifier__hidden_layer_sizes': (2, 1), 'mlpclassifier__max_iter': 100000, 'mlpclassifier__solver': 'adam'}",0.9473684210526315,0.9473684210526315,1.0,0.0,0.0,0.5789473684210525,0.47309905377356276,247
218,0.8435429573059082,0.4888353080176934,0.003383636474609375,0.004014248973136637,0.0001,"(2, 1)",10000,adam,"{'mlpclassifier__alpha': 0.0001, 'mlpclassifier__hidden_layer_sizes': (2, 1), 'mlpclassifier__max_iter': 10000, 'mlpclassifier__solver': 'adam'}",0.9473684210526315,0.9473684210526315,1.0,0.0,0.0,0.5789473684210525,0.47309905377356276,247
221,0.8266920566558837,0.44004735354384755,0.0014073848724365234,0.00010123186609857233,0.0001,"(2, 1)",100000,adam,"{'mlpclassifier__alpha': 0.0001, 'mlpclassifier__hidden_layer_sizes': (2, 1), 'mlpclassifier__max_iter': 100000, 'mlpclassifier__solver': 'adam'}",0.9473684210526315,0.9473684210526315,1.0,0.0,0.0,0.5789473684210525,0.47309905377356276,247
125,0.8227708339691162,0.4894888050463564,0.0014829635620117188,0.00011610274910032067,1e-05,"(2, 1)",100000,adam,"{'mlpclassifier__alpha': 1e-05, 'mlpclassifier__hidden_layer_sizes': (2, 1), 'mlpclassifier__max_iter': 100000, 'mlpclassifier__solver': 'adam'}",0.9473684210526315,0.9473684210526315,1.0,0.0,0.0,0.5789473684210525,0.47309905377356276,247
124,0.994234037399292,0.8572744396008475,0.0014130115509033204,0.00010885176149612986,1e-05,"(2, 1)",100000,sgd,"{'mlpclassifier__alpha': 1e-05, 'mlpclassifier__hidden_layer_sizes': (2, 1), 'mlpclassifier__max_iter': 100000, 'mlpclassifier__solver': 'sgd'}",0.0,0.9473684210526315,0.0,1.0,0.0,0.3894736842105263,0.4772961704738793,253
220,0.9788812160491943,0.8713162418386814,0.001296854019165039,0.00010967385249811385,0.0001,"(2, 1)",100000,sgd,"{'mlpclassifier__alpha': 0.0001, 'mlpclassifier__hidden_layer_sizes': (2, 1), 'mlpclassifier__max_iter': 100000, 'mlpclassifier__solver': 'sgd'}",0.0,0.9473684210526315,0.0,1.0,0.0,0.3894736842105263,0.4772961704738793,253
28,0.8951051712036133,0.8001376275537225,0.0013701915740966797,7.946516635532589e-05,1e-06,"(2, 1)",100000,sgd,"{'mlpclassifier__alpha': 1e-06, 'mlpclassifier__hidden_layer_sizes': (2, 1), 'mlpclassifier__max_iter': 100000, 'mlpclassifier__solver': 'sgd'}",0.0,0.9473684210526315,0.0,1.0,0.0,0.3894736842105263,0.4772961704738793,253
217,0.9458847999572754,0.8400884128795421,0.001331663131713867,4.244241803611086e-05,0.0001,"(2, 1)",10000,sgd,"{'mlpclassifier__alpha': 0.0001, 'mlpclassifier__hidden_layer_sizes': (2, 1), 'mlpclassifier__max_iter': 10000, 'mlpclassifier__solver': 'sgd'}",0.0,0.9473684210526315,0.0,1.0,0.0,0.3894736842105263,0.4772961704738793,253
25,0.948201847076416,0.8445795271326164,0.0013335704803466796,4.0923241703585844e-05,1e-06,"(2, 1)",10000,sgd,"{'mlpclassifier__alpha': 1e-06, 'mlpclassifier__hidden_layer_sizes': (2, 1), 'mlpclassifier__max_iter': 10000, 'mlpclassifier__solver': 'sgd'}",0.0,0.9473684210526315,0.0,1.0,0.0,0.3894736842105263,0.4772961704738793,253
121,0.927943229675293,0.8469725515330814,0.0014792919158935548,0.00025323925871573085,1e-05,"(2, 1)",10000,sgd,"{'mlpclassifier__alpha': 1e-05, 'mlpclassifier__hidden_layer_sizes': (2, 1), 'mlpclassifier__max_iter': 10000, 'mlpclassifier__solver': 'sgd'}",0.0,0.9473684210526315,0.0,1.0,0.0,0.3894736842105263,0.4772961704738793,253
265,0.07765865325927734,0.03849075065374055,0.0013492584228515625,5.2594598160403226e-05,0.0001,"(4, 1)",10000,sgd,"{'mlpclassifier__alpha': 0.0001, 'mlpclassifier__hidden_layer_sizes': (4, 1), 'mlpclassifier__max_iter': 10000, 'mlpclassifier__solver': 'sgd'}",0.0,0.0,0.0,0.0,0.0,0.0,0.0,259
268,0.08700203895568848,0.0487043870691622,0.00135498046875,7.5053986933293e-05,0.0001,"(4, 1)",100000,sgd,"{'mlpclassifier__alpha': 0.0001, 'mlpclassifier__hidden_layer_sizes': (4, 1), 'mlpclassifier__max_iter': 100000, 'mlpclassifier__solver': 'sgd'}",0.0,0.0,0.0,0.0,0.0,0.0,0.0,259
3,0.005715131759643555,0.00028668451672410935,0.0013726711273193359,1.3779356349830908e-05,1e-06,"(1, 1)",100000,lbfgs,"{'mlpclassifier__alpha': 1e-06, 'mlpclassifier__hidden_layer_sizes': (1, 1), 'mlpclassifier__max_iter': 100000, 'mlpclassifier__solver': 'lbfgs'}",0.0,0.0,0.0,0.0,0.0,0.0,0.0,259
5,1.536304807662964,0.05885207169994556,0.0014019489288330078,0.00010720858256921301,1e-06,"(1, 1)",100000,adam,"{'mlpclassifier__alpha': 1e-06, 'mlpclassifier__hidden_layer_sizes': (1, 1), 'mlpclassifier__max_iter': 100000, 'mlpclassifier__solver': 'adam'}",0.0,0.0,0.0,0.0,0.0,0.0,0.0,259
2,1.5066494941711426,0.035100146139282674,0.0013725757598876953,7.465799047957188e-05,1e-06,"(1, 1)",10000,adam,"{'mlpclassifier__alpha': 1e-06, 'mlpclassifier__hidden_layer_sizes': (1, 1), 'mlpclassifier__max_iter': 10000, 'mlpclassifier__solver': 'adam'}",0.0,0.0,0.0,0.0,0.0,0.0,0.0,259
1,0.4865148067474365,0.016783507743882143,0.001302957534790039,2.6218673363988566e-05,1e-06,"(1, 1)",10000,sgd,"{'mlpclassifier__alpha': 1e-06, 'mlpclassifier__hidden_layer_sizes': (1, 1), 'mlpclassifier__max_iter': 10000, 'mlpclassifier__solver': 'sgd'}",0.0,0.0,0.0,0.0,0.0,0.0,0.0,259
4,0.5043707847595215,0.013596690485830657,0.001301145553588867,3.5303536749100065e-05,1e-06,"(1, 1)",100000,sgd,"{'mlpclassifier__alpha': 1e-06, 'mlpclassifier__hidden_layer_sizes': (1, 1), 'mlpclassifier__max_iter': 100000, 'mlpclassifier__solver': 'sgd'}",0.0,0.0,0.0,0.0,0.0,0.0,0.0,259
58,0.2429131031036377,0.012587840490642722,0.0015727043151855468,0.00025760302095725874,1e-06,"(3, 2)",100000,sgd,"{'mlpclassifier__alpha': 1e-06, 'mlpclassifier__hidden_layer_sizes': (3, 2), 'mlpclassifier__max_iter': 100000, 'mlpclassifier__solver': 'sgd'}",0.0,0.0,0.0,0.0,0.0,0.0,0.0,259
247,0.25088987350463865,0.009339227860832707,0.0015089988708496093,0.0002870652127599475,0.0001,"(3, 2)",10000,sgd,"{'mlpclassifier__alpha': 0.0001, 'mlpclassifier__hidden_layer_sizes': (3, 2), 'mlpclassifier__max_iter': 10000, 'mlpclassifier__solver': 'sgd'}",0.0,0.0,0.0,0.0,0.0,0.0,0.0,259
101,1.5329626083374024,0.02247534809370254,0.0013608455657958985,4.607327849760084e-05,1e-05,"(1, 1)",100000,adam,"{'mlpclassifier__alpha': 1e-05, 'mlpclassifier__hidden_layer_sizes': (1, 1), 'mlpclassifier__max_iter': 100000, 'mlpclassifier__solver': 'adam'}",0.0,0.0,0.0,0.0,0.0,0.0,0.0,259
100,0.4963207244873047,0.010486558490505601,0.001358938217163086,6.459522747855115e-05,1e-05,"(1, 1)",100000,sgd,"{'mlpclassifier__alpha': 1e-05, 'mlpclassifier__hidden_layer_sizes': (1, 1), 'mlpclassifier__max_iter': 100000, 'mlpclassifier__solver': 'sgd'}",0.0,0.0,0.0,0.0,0.0,0.0,0.0,259
99,0.005940771102905274,0.00034964572270345425,0.0013983726501464843,9.366317500459177e-05,1e-05,"(1, 1)",100000,lbfgs,"{'mlpclassifier__alpha': 1e-05, 'mlpclassifier__hidden_layer_sizes': (1, 1), 'mlpclassifier__max_iter': 100000, 'mlpclassifier__solver': 'lbfgs'}",0.0,0.0,0.0,0.0,0.0,0.0,0.0,259
98,1.5356688499450684,0.03237032901716489,0.0012185096740722657,0.00022114607292998977,1e-05,"(1, 1)",10000,adam,"{'mlpclassifier__alpha': 1e-05, 'mlpclassifier__hidden_layer_sizes': (1, 1), 'mlpclassifier__max_iter': 10000, 'mlpclassifier__solver': 'adam'}",0.0,0.0,0.0,0.0,0.0,0.0,0.0,259
97,0.5614589214324951,0.07609707987527216,0.001379680633544922,5.359306018985545e-05,1e-05,"(1, 1)",10000,sgd,"{'mlpclassifier__alpha': 1e-05, 'mlpclassifier__hidden_layer_sizes': (1, 1), 'mlpclassifier__max_iter': 10000, 'mlpclassifier__solver': 'sgd'}",0.0,0.0,0.0,0.0,0.0,0.0,0.0,259
96,0.0065305233001708984,0.0012854660536104413,0.0015347957611083984,0.000230138260736748,1e-05,"(1, 1)",10000,lbfgs,"{'mlpclassifier__alpha': 1e-05, 'mlpclassifier__hidden_layer_sizes': (1, 1), 'mlpclassifier__max_iter': 10000, 'mlpclassifier__solver': 'lbfgs'}",0.0,0.0,0.0,0.0,0.0,0.0,0.0,259
151,0.2360236167907715,0.004233124017513487,0.0013770103454589845,4.0478840889618984e-05,1e-05,"(3, 2)",10000,sgd,"{'mlpclassifier__alpha': 1e-05, 'mlpclassifier__hidden_layer_sizes': (3, 2), 'mlpclassifier__max_iter': 10000, 'mlpclassifier__solver': 'sgd'}",0.0,0.0,0.0,0.0,0.0,0.0,0.0,259
154,0.24447450637817383,0.025609224318294488,0.001344013214111328,0.00012572798906308207,1e-05,"(3, 2)",100000,sgd,"{'mlpclassifier__alpha': 1e-05, 'mlpclassifier__hidden_layer_sizes': (3, 2), 'mlpclassifier__max_iter': 100000, 'mlpclassifier__solver': 'sgd'}",0.0,0.0,0.0,0.0,0.0,0.0,0.0,259
76,0.13581857681274415,0.07398283877642192,0.0013835430145263672,2.3768789859262895e-05,1e-06,"(4, 1)",100000,sgd,"{'mlpclassifier__alpha': 1e-06, 'mlpclassifier__hidden_layer_sizes': (4, 1), 'mlpclassifier__max_iter': 100000, 'mlpclassifier__solver': 'sgd'}",0.0,0.0,0.0,0.0,0.0,0.0,0.0,259
169,0.07899961471557618,0.037233440846529325,0.0014229297637939453,8.436035035557235e-05,1e-05,"(4, 1)",10000,sgd,"{'mlpclassifier__alpha': 1e-05, 'mlpclassifier__hidden_layer_sizes': (4, 1), 'mlpclassifier__max_iter': 10000, 'mlpclassifier__solver': 'sgd'}",0.0,0.0,0.0,0.0,0.0,0.0,0.0,259
172,0.07787518501281739,0.038870923421521104,0.0013497829437255859,3.3523924412780045e-05,1e-05,"(4, 1)",100000,sgd,"{'mlpclassifier__alpha': 1e-05, 'mlpclassifier__hidden_layer_sizes': (4, 1), 'mlpclassifier__max_iter': 100000, 'mlpclassifier__solver': 'sgd'}",0.0,0.0,0.0,0.0,0.0,0.0,0.0,259
73,0.0876847743988037,0.04401367905666605,0.0015985965728759766,0.0004909733833737722,1e-06,"(4, 1)",10000,sgd,"{'mlpclassifier__alpha': 1e-06, 'mlpclassifier__hidden_layer_sizes': (4, 1), 'mlpclassifier__max_iter': 10000, 'mlpclassifier__solver': 'sgd'}",0.0,0.0,0.0,0.0,0.0,0.0,0.0,259
192,0.006348752975463867,0.0005664522511317097,0.0021719932556152344,0.0016407479999846083,0.0001,"(1, 1)",10000,lbfgs,"{'mlpclassifier__alpha': 0.0001, 'mlpclassifier__hidden_layer_sizes': (1, 1), 'mlpclassifier__max_iter': 10000, 'mlpclassifier__solver': 'lbfgs'}",0.0,0.0,0.0,0.0,0.0,0.0,0.0,259
193,0.5282576560974122,0.038335733154211155,0.0013383388519287109,9.434637400913812e-05,0.0001,"(1, 1)",10000,sgd,"{'mlpclassifier__alpha': 0.0001, 'mlpclassifier__hidden_layer_sizes': (1, 1), 'mlpclassifier__max_iter': 10000, 'mlpclassifier__solver': 'sgd'}",0.0,0.0,0.0,0.0,0.0,0.0,0.0,259
194,1.5430992603302003,0.043902849690537205,0.0013674259185791015,6.118595597515284e-05,0.0001,"(1, 1)",10000,adam,"{'mlpclassifier__alpha': 0.0001, 'mlpclassifier__hidden_layer_sizes': (1, 1), 'mlpclassifier__max_iter': 10000, 'mlpclassifier__solver': 'adam'}",0.0,0.0,0.0,0.0,0.0,0.0,0.0,259
195,0.005640077590942383,0.0005769891263730794,0.0014392375946044923,0.00022588011229252266,0.0001,"(1, 1)",100000,lbfgs,"{'mlpclassifier__alpha': 0.0001, 'mlpclassifier__hidden_layer_sizes': (1, 1), 'mlpclassifier__max_iter': 100000, 'mlpclassifier__solver': 'lbfgs'}",0.0,0.0,0.0,0.0,0.0,0.0,0.0,259
196,0.5034185409545898,0.014507269889543428,0.001360464096069336,1.558856445902572e-05,0.0001,"(1, 1)",100000,sgd,"{'mlpclassifier__alpha': 0.0001, 'mlpclassifier__hidden_layer_sizes': (1, 1), 'mlpclassifier__max_iter': 100000, 'mlpclassifier__solver': 'sgd'}",0.0,0.0,0.0,0.0,0.0,0.0,0.0,259
197,1.5019388675689698,0.05025315268415683,0.0013912677764892577,0.0001160073954327239,0.0001,"(1, 1)",100000,adam,"{'mlpclassifier__alpha': 0.0001, 'mlpclassifier__hidden_layer_sizes': (1, 1), 'mlpclassifier__max_iter': 100000, 'mlpclassifier__solver': 'adam'}",0.0,0.0,0.0,0.0,0.0,0.0,0.0,259
55,0.24811549186706544,0.01111294316578519,0.0013446807861328125,4.381196832021776e-05,1e-06,"(3, 2)",10000,sgd,"{'mlpclassifier__alpha': 1e-06, 'mlpclassifier__hidden_layer_sizes': (3, 2), 'mlpclassifier__max_iter': 10000, 'mlpclassifier__solver': 'sgd'}",0.0,0.0,0.0,0.0,0.0,0.0,0.0,259
250,0.2623574256896973,0.010459205467138006,0.002122783660888672,0.0013882483640513818,0.0001,"(3, 2)",100000,sgd,"{'mlpclassifier__alpha': 0.0001, 'mlpclassifier__hidden_layer_sizes': (3, 2), 'mlpclassifier__max_iter': 100000, 'mlpclassifier__solver': 'sgd'}",0.0,0.0,0.0,0.0,0.0,0.0,0.0,259
0,0.007835626602172852,0.0005094855421919398,0.0029514312744140627,0.001709202692336954,1e-06,"(1, 1)",10000,lbfgs,"{'mlpclassifier__alpha': 1e-06, 'mlpclassifier__hidden_layer_sizes': (1, 1), 'mlpclassifier__max_iter': 10000, 'mlpclassifier__solver': 'lbfgs'}",0.0,0.0,0.0,0.0,0.0,0.0,0.0,259
